"","Sig_CHD6_mut","Sig_CREBBP_mut","Sig_EP300_mut","Sig_KDM6A_mut","Sig_CHD6_amp","Sig_CREBBP_del","CHD6_mut","CREBBP_mut","EP300_mut","KDM6A_mut","CHD6_amp","CREBBP_del"
"TCGA-2F-A9KO",55.545033023832,15.1221948264452,22.6265475316246,10.7057632528441,15.3114377485147,-8.84757467562135,1,0,0,0,1,0
"TCGA-2F-A9KP",50.6360187110733,-13.4504553394608,-11.019692556148,69.7006633461028,51.165245064539,48.2126672923148,0,0,0,1,0,0
"TCGA-2F-A9KQ",10.4189772550647,-14.2715038921318,-14.1648554435616,66.8274501324969,45.3116499167819,29.2818650110312,0,0,0,0,0,0
"TCGA-2F-A9KR",8.47986896832354,-5.85088307431489,-4.22828406742746,79.0286664693468,41.7929538911418,15.6815688989737,0,0,1,0,0,0
"TCGA-2F-A9KT",86.8879060781867,-3.36475140467762,15.8228938287977,4.9967592969535,35.9981775132651,19.6019132854247,1,0,0,0,1,0
"TCGA-2F-A9KW",38.4345576872269,11.2848751331413,39.3683357165116,-8.47372901158396,-4.66648925194321,31.9903053771048,0,0,1,0,0,1
"TCGA-4Z-AA7M",53.665169678006,-3.19188337883865,-5.09715511647748,47.8788570096908,55.7167992511114,48.1720635543109,0,0,0,0,1,0
"TCGA-4Z-AA7N",5.64292098620479,-6.59138539300065,4.56349478369289,-11.1814739019875,-10.2620683892548,-18.543759662694,0,0,0,0,0,0
"TCGA-4Z-AA7O",-2.03027566037452,-4.23912723468854,-7.00507242628023,44.1170031252782,26.7222399796501,0.10346362940883,0,0,0,0,0,0
"TCGA-4Z-AA7Q",80.2668769851078,-5.29753893763546,22.1715341131587,18.4281493641319,-6.46384076313869,-6.9986902341726,1,0,0,1,0,0
"TCGA-4Z-AA7R",47.2351863263553,17.2655750708072,5.64308941307243,43.689099103502,28.8925412848823,47.6229579247381,0,0,0,0,0,0
"TCGA-4Z-AA7S",13.1695317900504,-15.0915228890191,-18.1574484714846,58.1327318077207,44.2535127038784,33.5479706391106,0,0,0,0,0,0
"TCGA-4Z-AA7W",38.1036093791244,10.1130480162865,37.668012270626,-6.11069765998594,-11.7103394659891,-12.9118514881863,0,0,0,1,0,0
"TCGA-4Z-AA7Y",-11.0861733808385,-7.81074985550784,-9.02070150459513,56.9494143307966,32.6476764698843,10.8925049752625,0,0,1,0,0,0
"TCGA-4Z-AA80",41.2134130774951,-3.90659467199774,-7.96368088026991,54.3085783944204,44.7432569240434,53.0233835414236,0,0,0,0,0,0
"TCGA-4Z-AA81",19.7376874476612,35.8507569094139,77.9472790135701,-6.85264546980557,-3.13176465643617,11.8533789786043,0,1,1,0,0,0
"TCGA-4Z-AA82",7.44574398346684,53.3878250886087,61.3774834914426,-9.08062455438354,-10.9395517343556,-10.2343831028169,0,0,0,1,0,0
"TCGA-4Z-AA83",-6.77886806485619,-14.9528372858184,-7.82817747844868,45.2355409046864,31.2379934033845,-10.4828032401635,0,0,0,1,1,0
"TCGA-4Z-AA84",115.483571674476,16.3640931707531,34.8543217194593,3.7059078582296,-3.215077758273,30.4333646975561,1,0,0,1,0,0
"TCGA-4Z-AA86",-5.2978040029248,112.669347271956,97.8726805806165,-21.0320475702681,-16.4516942671408,-14.262479402046,0,1,0,0,0,0
"TCGA-4Z-AA87",78.0825417323362,-6.23215550125334,-5.79335370406963,36.7943722419718,26.4770473825624,46.2496314009141,0,0,0,0,0,0
"TCGA-4Z-AA89",-9.04670084780102,-13.099287701723,-16.6931836753528,123.517719000678,56.8765654657718,23.8408415951901,0,0,0,1,0,0
"TCGA-5N-A9KI",1.45295490118686,-7.68219578354033,5.83520798187729,-6.16437565258615,-6.12628814467046,13.4089892296136,0,0,0,0,0,1
"TCGA-5N-A9KM",-7.0862926668506,-14.0588012296038,-10.4005466527368,-1.90352091250703,-1.28992856914736,-7.99083703992578,0,0,0,0,0,0
"TCGA-BL-A0C8",31.1924214425601,-9.77510367762562,-8.94163014352984,4.90104354045895,15.5521416255019,30.5193185243705,0,0,0,0,0,0
"TCGA-BL-A13I",-5.13566559067831,80.0258415900888,37.2257351012751,-15.5065138586883,-15.8710531551204,-12.3838525730404,0,0,0,0,0,0
"TCGA-BL-A13J",35.7845143511427,20.8186888878544,16.2964384932667,-1.92566220843338,7.75771755375347,18.4290662001805,0,0,0,0,0,0
"TCGA-BL-A3JM",-3.73775693744992,91.9298180808374,41.8474090240515,-9.5829546516164,-4.31838327928907,40.210370081274,0,0,0,0,0,0
"TCGA-BL-A5ZZ",-6.95730662129539,105.296191326193,51.2150363340194,-16.5431571805519,-15.9907122369009,-11.4515188196239,0,1,0,1,0,0
"TCGA-BT-A0S7",34.6962747827399,77.778584702203,36.9615205858263,-3.36483667821803,-3.16454494165744,19.9475290607487,0,0,0,1,0,0
"TCGA-BT-A0YX",-6.88070652940973,31.1503498940263,43.4854291965182,-6.86459447883429,-10.6152975289505,-8.87631290167036,0,0,0,0,0,0
"TCGA-BT-A20J",23.6914094803054,48.7199079092108,48.4775499117831,-9.66961452598782,-8.59702494301117,-4.66135115660282,0,0,0,0,0,0
"TCGA-BT-A20N",58.3727420853035,39.6235816000259,28.3538903077376,7.68117249385347,18.2374201322222,37.5190680134223,0,0,0,0,0,0
"TCGA-BT-A20O",-5.68121741439009,107.224502118957,76.7636258323227,-19.1821680013879,-17.6465159170173,-15.8575446236415,0,1,0,0,0,0
"TCGA-BT-A20P",-6.57760151204821,-7.0447656504906,-15.5242115051148,79.8873434774459,52.432560068648,27.0839413077771,0,0,0,0,1,0
"TCGA-BT-A20Q",-11.4524205952097,-4.45756590519437,-3.78368206665042,-5.97115284236482,-5.84447176649041,-15.9114506215264,0,0,0,0,0,0
"TCGA-BT-A20R",22.5262395609559,40.8623129131096,15.7302067456153,-8.69245982585366,-10.2743292749782,10.7992573143746,0,0,0,0,0,0
"TCGA-BT-A20T",2.01036891751283,19.1351186174333,-4.92901361036885,44.4093859552714,2.50041502539309,-10.4315948210961,0,1,0,1,0,0
"TCGA-BT-A20U",-10.733411399881,33.182896143534,33.798256418149,-7.99556838554997,-6.8070109609056,-5.81801048009149,0,0,0,0,0,0
"TCGA-BT-A20V",8.41932753502451,8.7602717949771,10.0824074441238,1.38049203674993,6.15843848151241,23.7009218356047,0,0,0,0,0,0
"TCGA-BT-A20W",32.096938859083,-9.17952328535467,-7.30284163975134,35.9828778905883,21.8395024422307,29.8738767614456,0,0,0,0,0,0
"TCGA-BT-A20X",33.4237872438695,93.2911092761667,86.0404835455781,-7.32343754556001,-13.1738432860655,-11.488050355671,1,0,1,0,0,0
"TCGA-BT-A2LA",31.1238275953012,81.6114671758254,9.83673850310615,1.62803225651639,9.56154231394383,62.5191107209782,0,0,0,0,0,1
"TCGA-BT-A2LB",2.54260356630244,-5.89370049539634,2.71947224405818,14.6177723379301,0.50201999787229,-9.96047432353254,0,0,1,1,0,0
"TCGA-BT-A2LD",27.8920855928219,32.6470784901181,32.4443077024285,-6.92969996108154,-3.60813095748131,16.2922100070977,0,0,0,1,0,0
"TCGA-BT-A3PH",24.9987132478727,-12.2898201643158,-4.4872345793678,37.6484702005674,26.35860222285,46.8938291130796,0,0,1,1,0,1
"TCGA-BT-A3PJ",-6.24109739034444,109.245947629997,83.771442056192,-14.6036825070673,-11.2623145907767,-6.28538931406609,0,1,0,0,0,0
"TCGA-BT-A3PK",35.0375733985838,66.1127363893371,95.8927122996351,-14.2438225691479,-14.1878580210379,-11.1457365033549,1,0,1,0,0,0
"TCGA-BT-A42C",6.35260890177856,-11.1797150711113,-14.7457219407581,58.4236018265526,42.8124678320287,37.7659481518152,0,0,0,0,0,0
"TCGA-BT-A42E",32.0120351250385,48.3320677361185,57.2846793587098,-9.70210946181588,-10.8736328053357,-10.8794079915658,0,0,0,0,0,0
"TCGA-BT-A42F",19.4750566350285,31.4493931422207,56.7651974999839,-9.7243268411048,-12.5689062723829,-13.6445901631525,0,0,0,0,0,0
"TCGA-C4-A0EZ",14.4030156291037,71.5219242077982,4.98012938316449,-4.86921620626724,10.8577708259902,58.7244476163447,0,0,0,0,0,0
"TCGA-C4-A0F0",-4.74240424583564,122.361805192828,64.3147033995945,-15.0615078093276,-14.3491007791653,-7.38362063747083,0,1,0,0,0,0
"TCGA-C4-A0F6",5.4884819542267,-3.67341807310143,-6.26461372748491,4.12483047462419,41.912514401049,33.8724348308469,0,0,0,0,1,1
"TCGA-CF-A1HR",-7.92145376579091,-14.5860418223747,-16.9388830466174,29.3084231326189,11.0278284756162,-0.72270493322113,0,0,0,0,0,0
"TCGA-CF-A1HS",-2.00174021715748,90.8811041986932,73.7648778560095,-8.96136434216789,-9.86546737449256,-3.10325409982573,0,0,0,1,0,0
"TCGA-CF-A27C",-8.07396276985244,-12.9566490399268,-17.8542241615312,101.760835736853,55.278663815755,30.8325542496118,0,0,0,0,0,0
"TCGA-CF-A3MF",16.9897572187212,-19.5029360396159,-22.2886699352833,69.8509709977065,46.1435291719499,9.42404606846005,0,0,0,0,0,0
"TCGA-CF-A3MG",-7.1879431962596,-12.2102433926606,-17.1332492104001,79.0015615128644,48.7453450682227,36.0238537571063,0,0,0,0,0,0
"TCGA-CF-A3MH",-6.961546392754,-18.7126606119264,-20.4692521678453,80.4741998965661,42.5364049962815,9.9551572748277,0,0,0,0,0,0
"TCGA-CF-A3MI",12.8230467280553,-19.2774922025981,-19.470179949235,79.9383636146962,33.1632422753191,5.19174106834745,0,0,0,0,0,0
"TCGA-CF-A47S",-10.5541459777542,-22.0690270582118,-22.8153650556278,92.3200592357386,38.9262045032914,2.09038003830312,0,0,0,0,0,0
"TCGA-CF-A47T",18.3994348037637,-12.9347124495768,-24.6597269117955,97.7270369733438,55.4927693267814,37.7254639483997,0,0,0,0,0,1
"TCGA-CF-A47V",-8.27539728211374,-18.8448208530188,-20.8733694320426,67.8210311994833,31.3414471415631,-7.0117359142753,0,0,0,0,0,0
"TCGA-CF-A47W",-5.86283173480018,-15.5652658792688,-23.8869483581459,113.012437803748,39.8084743070978,22.0743522838863,0,0,0,1,0,0
"TCGA-CF-A47X",-4.48817353610572,-8.55468018778,-17.8398302581875,83.5674447851369,46.8782942995325,22.157382924531,0,1,0,0,0,0
"TCGA-CF-A47Y",-6.30874755380566,-14.9946243443636,-21.1701879779079,114.050789134182,41.9629403957385,3.07758751329565,0,0,1,1,0,0
"TCGA-CF-A5U8",-7.6090594693041,-14.6392509179783,-21.909463320435,120.781078488468,49.3782864769143,8.53602672274694,0,0,0,1,0,0
"TCGA-CF-A5UA",4.33732295946399,-14.3359368406239,-22.7155081546617,71.5435874568391,30.4173453766609,20.1556582496377,0,0,0,0,0,0
"TCGA-CF-A7I0",-5.53707191534701,-20.9888804693117,-25.459725508471,51.0133357982909,23.5845610475923,-0.21531365423402,0,0,0,0,0,0
"TCGA-CF-A9FF",-3.52493207709106,-20.1096229914531,-22.9452026778967,53.2234027720873,22.335392862205,-0.22925925083548,0,0,0,0,0,0
"TCGA-CF-A9FH",-8.22818616318105,-14.7583745740185,-17.3840412351495,95.9695165479805,51.6855048551654,26.1193245957525,0,0,0,0,0,0
"TCGA-CF-A9FL",5.16549902889379,15.8691392981268,-12.6971405911653,59.9946519500917,28.2591102452602,0.82177915703897,0,1,0,0,0,0
"TCGA-CF-A9FM",-15.8653632618809,-14.7060523862156,-13.4853133004679,84.9153886377706,30.1346588441741,-3.95961811217922,0,0,0,0,0,0
"TCGA-CU-A0YN",-7.2063532337878,85.696944528647,79.8545957602525,-15.89844522688,-11.7880946422042,-5.76378914435445,0,0,0,0,0,0
"TCGA-CU-A0YO",-11.5160072284106,-8.5231565085528,-9.34596820990034,-4.12517201924491,-6.75618776066346,-15.4526036936204,0,0,0,0,0,0
"TCGA-CU-A0YR",30.3705770321599,9.20390507243831,66.4095180550529,-8.51937782069652,-6.40462169127118,7.24485574950945,0,0,1,0,0,0
"TCGA-CU-A3KJ",12.2322541851086,88.9099674718797,90.2219858035551,-4.43269195247754,-4.7841225852099,-4.04766722769696,0,0,1,1,0,0
"TCGA-CU-A3QU",10.1352912398143,-6.37703919271577,-7.72345456099307,29.9512318297952,33.6277596527113,65.6927270759499,0,0,0,0,0,1
"TCGA-CU-A3YL",19.6703833411944,-14.3337680628258,-20.389915146976,72.6799859515745,38.0265197567364,14.2042217457129,0,1,0,0,0,0
"TCGA-CU-A5W6",39.0262733058167,-11.5360352647522,-9.25932632422215,63.3769620426409,19.941253841662,17.2332915851989,0,0,0,0,0,0
"TCGA-CU-A72E",8.94571713254914,-5.8555141426076,-5.92364102035073,35.0114187910129,-0.3212474502565,-12.3631510605343,0,0,0,0,0,0
"TCGA-DK-A1A3",52.697271548845,44.940442387812,30.7686568652042,-4.26514526997494,-7.98125455713009,8.93195719471137,1,1,0,1,0,0
"TCGA-DK-A1A5",-5.25448556896557,34.4940911590895,51.2220684521702,-11.3617087709781,-7.07691563064428,-8.97484128839192,0,0,1,0,0,0
"TCGA-DK-A1A7",39.6574833345153,-9.28343132151609,-11.8237838803603,74.8034507646736,30.9532487860792,40.7022734097057,0,0,1,1,0,1
"TCGA-DK-A1AA",-13.08949177684,-7.04521390870894,-10.2791530581032,81.5215693280785,25.4894059410221,-2.88459238194826,0,0,0,1,0,0
"TCGA-DK-A1AB",-7.87661758206333,50.7809628402196,47.7902425644708,-8.8274957121305,-12.6366545736174,-17.6674388639926,0,0,0,1,0,0
"TCGA-DK-A1AC",29.3328527477796,45.8932927809075,42.1508772066237,0.93573629612188,-2.94012519174501,33.0945558411856,0,0,0,1,0,0
"TCGA-DK-A1AD",36.6662061620932,13.0334598316984,-11.909854532135,30.5569894434598,22.9986597012511,21.9661590993721,0,1,0,0,0,0
"TCGA-DK-A1AE",-4.01949239387777,73.9490118033845,4.05822724956642,2.21769905511454,-4.0430187054627,22.8715061438889,0,0,0,0,0,0
"TCGA-DK-A1AF",-11.2342610886078,37.831030850606,42.786629406153,-14.3454189897605,-16.6847079666559,-21.7791583386711,0,0,0,1,0,0
"TCGA-DK-A1AG",5.15396349075695,-13.6857369403068,-13.2535403244419,106.437418385607,45.7396901195512,4.91016288903233,1,0,0,1,0,0
"TCGA-DK-A2HX",-6.94816872376512,34.7797239443174,16.0892621000015,-14.8627918261192,-10.6282476267266,-7.71134266370469,0,0,0,0,0,0
"TCGA-DK-A2I1",29.1898097810041,-7.24233478075214,-11.154409440196,13.0169388155232,-6.419274009166,-6.2018749434641,0,1,0,0,0,0
"TCGA-DK-A2I2",-7.32520549423627,80.794930881137,68.6698677089265,-12.3678954291173,-13.2488076441602,-12.3757076032504,0,0,0,1,0,0
"TCGA-DK-A2I4",6.60247264785018,67.2019773964101,96.7359760878698,-20.2059036533073,-16.3797622367397,-16.2465837765014,0,0,1,0,0,0
"TCGA-DK-A2I6",67.462946458257,40.8278946723538,62.0680739507638,-3.75209600420364,-4.55825396314098,18.3139910920974,0,0,1,1,0,0
"TCGA-DK-A3IK",48.6318711902658,-18.4094183325317,-19.1350133867667,52.8811516575358,37.4162969474504,11.7028035999977,0,0,0,0,0,0
"TCGA-DK-A3IL",36.7270933671571,-10.7319271843593,-19.7221871231068,36.6960281458906,46.8032158187514,31.8288689919889,0,0,0,0,1,0
"TCGA-DK-A3IM",14.8698716763978,88.0677159348366,52.5626773299389,0.702184173185501,2.20000692514906,31.0739014056164,0,0,0,0,0,0
"TCGA-DK-A3IN",28.1532079336754,48.776350669741,65.291437721401,-11.3789900287307,-9.4590270357906,-5.41334906934985,0,0,0,0,0,0
"TCGA-DK-A3IQ",3.99055816062663,45.0248592723659,2.93508012576973,-13.8805935879615,-12.2410838333293,-17.4151452752935,0,0,0,0,0,0
"TCGA-DK-A3IS",20.4050840114457,-4.02162995014717,-8.76761663763351,103.167950199871,58.6942913319962,31.0794728904831,0,0,0,1,1,0
"TCGA-DK-A3IT",24.4620473497698,-5.74937345636111,9.31486660012748,-7.830144755055,-3.55974449935335,-3.54824926224454,0,0,0,0,0,0
"TCGA-DK-A3IU",7.95110687323882,61.5827775422358,59.0298083216851,-19.7435914975004,-15.6110157742237,-17.8536449300084,0,0,0,0,0,0
"TCGA-DK-A3IV",-3.35828294749799,-7.32595333279857,3.16888354985597,6.08564703427999,25.5363915238138,29.7518192565098,0,0,0,0,0,0
"TCGA-DK-A3WW",-3.31730844717167,79.0288660130124,91.6314669270554,-10.6016791898424,-13.8332675329422,-14.9655381567404,0,0,1,0,0,0
"TCGA-DK-A3WX",-3.21578462360372,83.1666154610711,101.015350517689,-15.8716083867563,-11.5835061041738,-12.0419708415865,0,0,1,0,0,0
"TCGA-DK-A3WY",7.3004379125821,64.4146029225679,40.8172943854925,-17.5711928910311,-15.6051121855258,-15.6103843678473,0,0,0,0,0,0
"TCGA-DK-A3X1",39.4019839621216,-6.96836710420657,-10.4181429071713,53.7720587821237,13.6607976562973,21.4549344755499,0,0,0,0,0,0
"TCGA-DK-A3X2",25.8830241958948,63.4494950990043,13.5374856875226,33.5580472180467,28.6138076685257,62.8838252069926,0,1,0,0,0,1
"TCGA-DK-A6AV",26.1537883076828,-10.043476935014,-8.37568417904671,26.5527834476426,25.359381821556,19.6225863290354,0,0,0,0,0,0
"TCGA-DK-A6AW",72.9919228838875,18.3298390667855,5.68365617021308,35.4591177893218,11.255736976272,14.4531636932119,1,1,1,0,0,0
"TCGA-DK-A6B0",-11.4310434774589,-12.4021649684802,-20.8906427600903,116.767926118316,42.4631608269528,8.39221029019856,0,1,0,1,0,0
"TCGA-DK-A6B1",-2.69267519839822,-4.94176810479312,-12.7411190109388,23.9364700162334,27.0098382632899,47.6372968054498,0,0,0,0,0,0
"TCGA-DK-A6B2",24.3336244285442,-7.31935832254365,8.42685643340685,-8.40294702759651,-6.46012927133433,-7.69999387968149,0,0,0,0,0,0
"TCGA-DK-A6B5",38.3684438029179,-10.0784285069415,15.6374929677774,35.7178981109639,1.75331297550115,-3.50816717117968,0,0,0,1,0,0
"TCGA-DK-A6B6",-4.20074414456011,-10.8990700866996,-7.59376729929197,65.7671220838051,28.6331381143764,27.3072442108836,0,0,0,0,0,0
"TCGA-DK-AA6L",4.06240070941437,-9.54655499276262,-6.1013639862551,2.25929916319342,20.8019389593943,10.0797386235468,0,0,0,0,0,0
"TCGA-DK-AA6M",-5.60464152884666,44.320071557895,47.7143579044001,-14.6995055654658,-8.9687336332451,-8.10624516950936,0,0,1,0,1,0
"TCGA-DK-AA6P",41.5462953768493,-7.59738553172376,-8.84288552896421,96.0262274502303,46.0391913512028,47.2622768383546,0,0,0,1,0,0
"TCGA-DK-AA6Q",-4.90853113693921,28.6509030030973,6.29435358368831,-4.61882751802732,-4.14168618138011,11.1051672137833,0,0,0,0,0,1
"TCGA-DK-AA6R",-3.036151607047,92.0558695863817,63.4376154323668,-8.05973236841329,-7.14917812306691,-3.81366676180671,0,1,0,0,0,0
"TCGA-DK-AA6S",5.80367380213781,45.2755515005502,33.420315230844,-11.4433023078475,-9.69545540809126,-11.6476758067307,0,0,0,0,0,0
"TCGA-DK-AA6T",20.2921580500615,32.1108240983416,-2.87711466177466,-7.9598035887441,-6.82357908487708,3.73403506215768,0,0,0,0,0,0
"TCGA-DK-AA6U",49.6672494212311,15.8522252861195,-3.03357115520016,53.8841253478694,62.5910620984928,59.7810806573158,0,1,1,0,1,0
"TCGA-DK-AA6W",25.4835673702918,68.6396042942101,34.6994427837551,4.36515319478126,8.46628352748066,48.3396794667809,0,0,1,1,0,0
"TCGA-DK-AA6X",-6.29781597081379,-9.60728638576812,-7.94141294346015,1.03310238158194,9.72766981105769,-4.4859781493701,0,0,0,1,0,0
"TCGA-DK-AA71",22.3547792056644,-5.15842433778944,-6.08225165366648,73.9985635000766,39.6973670666987,37.3649087937567,0,0,1,0,0,0
"TCGA-DK-AA74",-4.28015358793007,24.9926322360647,25.3626147449358,-15.4136573409692,-15.9063049206174,-20.8897957118738,0,0,0,0,0,0
"TCGA-DK-AA75",57.1097681676046,-7.74946385535157,-17.0575989307514,77.7785389828789,48.7074407528655,57.0698690924555,0,0,0,0,0,0
"TCGA-DK-AA76",43.7488851699772,-4.14929956233696,-10.2122497411713,81.0719923681872,50.9805397914932,62.1173806880024,0,0,0,0,0,1
"TCGA-DK-AA77",0.64083242754153,-10.2902486908161,2.62921339755714,90.1238672410871,33.5646056409501,17.312227186616,0,0,1,1,0,0
"TCGA-E5-A2PC",6.92591765095129,-3.73369959565698,2.67676218695373,49.4897500601117,9.12674745870456,-5.34179288378463,0,0,0,1,0,0
"TCGA-E5-A4TZ",43.9113887660015,41.1047924515573,13.2143693549049,27.0422593255665,40.7559146685644,53.0210022334333,0,1,0,0,1,1
"TCGA-E5-A4U1",95.8691650667815,-11.8708098366236,-23.6868967205844,89.417651328203,66.3354757569405,54.1530439185381,1,0,0,0,1,1
"TCGA-E7-A3X6",-6.41090866740928,11.2026989262323,34.825748467165,21.7818594331217,1.53507619118842,-13.4479836772074,0,0,0,0,0,0
"TCGA-E7-A3Y1",-4.39630056128076,-12.6219419142872,-21.3565954286209,93.6992436487201,38.020061120095,2.3860434774039,0,0,0,0,0,0
"TCGA-E7-A4IJ",23.0251277642322,-6.04521748470374,-6.05856253855299,69.7290638718721,46.238767090186,31.0849570806336,0,0,0,0,1,0
"TCGA-E7-A4XJ",30.0905896520326,-19.0615296394899,-19.6255620086423,66.8262847836566,40.3321814408494,26.2568407294152,0,0,0,0,0,0
"TCGA-E7-A519",-4.54211832327938,-15.1340794602684,-20.6404512424671,80.1737356290319,11.56781649532,-8.94214600577018,0,1,0,1,0,0
"TCGA-E7-A541",-2.59508824088979,-7.6649699567635,-4.70722041142063,-3.13296435493064,17.8989204428555,21.5956786359372,0,0,0,0,0,0
"TCGA-E7-A5KE",38.1165767434516,-10.1643353604797,-14.4172375040094,71.3307597569671,65.6818322159889,68.2615943252372,0,0,0,0,1,1
"TCGA-E7-A5KF",-9.6203214767095,-10.7223881567091,-15.715662412332,114.285665524958,51.4560812263258,33.8012067435105,0,0,0,1,0,0
"TCGA-E7-A677",-12.1226878063583,-8.06074628702924,-11.9186521215778,4.07889185871673,15.4629690555944,1.86428866433271,0,0,0,0,0,0
"TCGA-E7-A678",-8.84422507403131,-14.9970651257015,-18.1911434836443,114.549510901879,37.4648424430763,4.04665465220819,0,0,1,1,0,0
"TCGA-E7-A6MD",4.9399387094533,4.79294547985509,-2.54242568674616,42.0493623055308,-3.38406186804922,-11.0350646700401,0,0,1,1,0,0
"TCGA-E7-A6ME",-2.06892535362387,58.8003124547545,1.37042816783618,37.1527761340393,41.1910761590671,64.884331416108,0,1,0,1,1,1
"TCGA-E7-A6MF",-11.6366643835176,-6.92639823544389,-12.3024111673126,41.693384047122,21.7622137865822,4.06227352044689,0,0,0,0,0,0
"TCGA-E7-A7DU",-4.82386228170612,-16.4411826748814,-23.1638235732299,124.207476158979,54.3348992220986,21.2836086831617,0,0,0,1,0,0
"TCGA-E7-A7DV",17.510095104147,39.6676778468787,51.4472280729552,-12.3015353258453,-12.7268179249347,-12.269049031641,0,0,1,0,0,0
"TCGA-E7-A7PW",54.6973863246713,-0.35997536987801,-17.7657480922077,102.396502765974,55.7945868921164,55.443725118557,0,1,0,1,0,0
"TCGA-E7-A7XN",-4.40071505598131,29.0920885571714,74.3856252809186,-4.41348138672466,-10.2192921524368,-13.9505826523261,0,0,1,1,0,0
"TCGA-E7-A85H",57.1645795323371,-6.21784503080556,-6.11409415781505,61.2822133959207,19.6911655876942,34.5937724381599,0,0,0,1,0,0
"TCGA-E7-A97P",-8.56575046614852,54.8073564819499,75.6081959512727,-14.0813192864124,-16.1198529135641,-22.0894566295499,0,0,0,0,0,0
"TCGA-E7-A97Q",33.5872947259966,-12.8068469628444,-7.37592388504636,51.0878989593029,46.472353067211,11.1976492885319,0,0,1,1,1,0
"TCGA-FD-A3B3",5.18285848129427,93.9973117760268,86.7505741492884,-20.0474446677549,-17.9019229826147,-16.3677918983148,0,0,0,0,0,0
"TCGA-FD-A3B4",-9.34419010215457,86.7296526682719,61.5358587043753,-17.8551755853684,-16.2667476214352,-17.1541147557682,0,0,0,0,0,0
"TCGA-FD-A3B5",20.7518703690056,65.0805054128025,49.3538094594581,5.8759360524961,-1.19922713384689,3.04304753968134,0,0,0,1,0,0
"TCGA-FD-A3B6",-2.46493090201446,78.2800997882956,87.1481213272616,-13.7977273549526,-11.7823095064834,-7.62871561413731,0,0,0,0,0,0
"TCGA-FD-A3B7",-6.11146380552209,90.6010127667461,79.6812217485898,-19.8252536125577,-17.5249855694901,-16.4310593851157,0,0,0,0,0,0
"TCGA-FD-A3B8",6.55899120214027,87.2041634495567,83.3238756019572,-21.3653665167047,-19.8389660077671,-24.4568968886943,0,0,1,0,0,0
"TCGA-FD-A3N5",-4.98744761974433,103.90973926168,54.666121601447,-11.8032058442214,-9.40498712519425,-3.59776997530155,0,1,0,1,0,0
"TCGA-FD-A3N6",-4.64351440786815,74.8060522018511,62.9091686704089,-5.7402839596706,-7.85201426624724,-7.43057120525552,0,0,0,0,0,0
"TCGA-FD-A3NA",7.47921392931843,-2.36077562114137,26.3551355216279,15.100023009038,5.54101091365064,2.98091972854645,0,0,0,0,0,0
"TCGA-FD-A3SJ",29.0338707511466,25.1472496211772,-8.45754573233414,30.1554731000695,7.70718621263838,21.2325948965238,0,0,0,1,0,0
"TCGA-FD-A3SL",8.82957230202227,52.2830914257832,-6.19870137131112,-8.42250106578635,-10.8944865377951,-8.49395705862346,0,1,0,1,0,0
"TCGA-FD-A3SM",-7.18488412376862,38.3376876928353,38.2838854915819,-2.79132037851242,-3.86917562331222,-6.86118190603819,0,1,1,0,0,0
"TCGA-FD-A3SN",79.5661749417377,15.8863954165938,25.7601798917014,-8.38371009469479,-5.97530439397896,-4.78819681393614,1,0,0,0,0,0
"TCGA-FD-A3SO",2.06115590477562,77.4730656254303,98.6865795783521,-17.2115275297304,-14.3169373428781,-10.4920740814866,0,0,1,0,0,0
"TCGA-FD-A3SP",-6.88012581073035,104.45209649699,80.0150915724179,-21.5184773513636,-17.863550471212,-18.3844294929943,0,1,0,0,0,0
"TCGA-FD-A3SQ",-11.6189209617687,-9.38674027843902,-10.393837976088,-9.64173232663398,-8.48007349432926,-20.5008029887903,0,0,0,0,0,0
"TCGA-FD-A3SR",7.62807486081492,36.1636957044842,24.3542225700461,-7.87889542852105,-4.68950054169965,11.883465263128,0,0,0,0,0,0
"TCGA-FD-A3SS",20.7416798355552,27.6482432839451,6.38005886933132,-5.53188539693411,9.67526473952385,41.2965198728109,0,0,0,0,0,0
"TCGA-FD-A43N",22.5188529724581,-13.282454334641,-6.14838838728446,11.8143634641222,10.0851799307176,6.65711805559559,0,0,0,0,0,0
"TCGA-FD-A43P",38.9937560401062,27.3514704662526,30.7527907249215,6.13672285857871,11.697511092009,27.241218831583,0,0,0,1,1,0
"TCGA-FD-A43S",-9.87404922658152,-16.7946220645541,-19.2401945804603,-7.78120755731596,-11.789745563377,-22.1236711739385,0,0,0,0,0,0
"TCGA-FD-A43U",23.5076306004951,-10.5105628110835,-12.9020443236858,11.9363115844899,-7.50210950813171,-11.7295199549412,0,0,0,0,0,0
"TCGA-FD-A43X",0.983562881009171,-14.6349051610053,-22.8384813350347,117.027017403474,65.3201905783454,29.3110406800219,0,0,0,1,0,0
"TCGA-FD-A5BR",-5.77666594227265,-8.27283838568721,-13.5719801791553,-4.43599992840849,-3.34074017804069,-10.1455786749324,0,0,0,0,0,0
"TCGA-FD-A5BS",25.2465244295286,37.483667552145,32.4428238719965,-16.5527322625808,-15.7961370183475,-19.0572386789756,0,0,0,0,0,0
"TCGA-FD-A5BT",9.30668663186535,39.3758365668861,13.4168676128355,-13.9192021856686,-11.6117350222159,-14.4125669453973,0,0,0,0,1,0
"TCGA-FD-A5BU",-9.06142778709192,69.8275228843427,44.5015019094432,-16.8860224241993,-17.8607738867485,-20.4877548015024,0,0,0,0,0,0
"TCGA-FD-A5BV",-2.86132946211283,-4.46872375798362,-13.1460279758932,49.3370039689017,29.7282961246461,40.5012500246832,0,0,0,1,0,1
"TCGA-FD-A5BX",-3.86023925169944,63.9898732698353,14.4126346786285,-10.9286540524645,-14.2626153993699,-15.6755618674404,0,0,0,1,0,0
"TCGA-FD-A5BY",-7.93030670602127,25.90486880155,-3.51692129524146,-8.89882576031823,-6.31386421625035,-5.06268138420695,0,0,0,0,0,0
"TCGA-FD-A5BZ",7.38930339798802,10.5194598895614,-6.97735427200776,-9.44919521056103,-3.51385777059571,-8.31443792016772,0,0,0,0,1,0
"TCGA-FD-A5C0",1.94072306218789,-4.58348695910832,-4.4793291891191,-3.35801479207184,-2.29082532289784,8.70159994372648,0,0,1,1,0,0
"TCGA-FD-A5C1",-6.30449320191004,31.9228460700872,46.9763463182957,-16.1232199451426,-14.7720412826777,-15.3915316800044,0,0,0,0,0,0
"TCGA-FD-A62N",-5.40124166928728,66.08159618505,66.6980838249756,-20.7573562896137,-18.9179898980221,-20.4330410006481,0,0,0,0,0,0
"TCGA-FD-A62O",-2.67930379040638,-13.315955474479,-14.4726773728529,29.058534775745,46.0979032807441,19.5827443153492,0,0,0,0,1,0
"TCGA-FD-A62P",44.1680782026557,5.51757667066961,23.0759765927419,-8.68857982502335,-11.1827083988678,-11.4534319395797,0,0,0,0,0,0
"TCGA-FD-A62S",-6.78308643181105,82.5154084649337,81.2279498443502,-19.6270456796891,-15.574084192505,-17.9329358555507,0,0,1,0,0,0
"TCGA-FD-A6TA",2.05900148982356,-10.9076695170398,-7.01737912558437,16.0304653609909,-5.25284564770119,-12.5541636554217,0,0,0,1,0,0
"TCGA-FD-A6TB",42.214786067471,13.5955316899813,20.6358374072802,-14.1606809744579,-9.58454092505869,-13.3178885059552,1,0,0,0,0,0
"TCGA-FD-A6TC",20.0812567667882,-7.13109552840585,1.68910238698343,-2.60428681062892,1.71642193731221,12.4781815564985,0,0,0,1,0,0
"TCGA-FD-A6TD",-6.51438389447123,47.1692981692706,42.9680055063971,-15.2495925859059,-13.2949635320147,-13.3252600246218,0,0,0,0,0,0
"TCGA-FD-A6TE",3.72199966405714,4.49032325576101,14.8193377135119,22.9455660717017,48.3514534696646,58.1200074748748,0,0,1,0,1,1
"TCGA-FD-A6TF",11.8809606963492,41.6588648314618,15.5939243853987,-14.2770926777813,-11.396996198679,1.38305896731461,0,0,0,0,0,0
"TCGA-FD-A6TG",27.5927365665443,-7.46832280383213,7.50125113043321,-4.30996796398768,-5.58605792594042,-8.59284271145212,0,0,1,0,0,0
"TCGA-FD-A6TH",27.9889814758833,39.0595264261485,44.7409371675936,-12.893014132597,-6.66911636967804,25.056068724155,0,0,0,0,0,1
"TCGA-FD-A6TI",-7.15137896720255,-12.93935518686,-14.8645794368718,12.7619866753394,-2.83591189830244,-2.34189227676665,0,0,0,0,0,0
"TCGA-FD-A6TK",11.3031812789987,79.6236838852409,84.6764143026544,-18.8924705972912,-17.5301787753134,-16.705297200336,0,0,0,0,0,0
"TCGA-FJ-A3Z7",42.0352290237039,10.9719593439108,-8.14172684427441,-2.25979430907149,-2.19046335895727,14.6955027364792,0,0,0,0,0,0
"TCGA-FJ-A3Z9",20.3509325533203,-9.48334226816719,-14.9433193657527,81.7055525402712,47.879246715033,33.2327780323072,0,1,0,0,0,0
"TCGA-FJ-A3ZE",89.4125120403121,-5.89605322241583,-10.0637792012745,87.3013741124177,60.031437174702,45.2846066813127,1,0,0,1,1,0
"TCGA-FJ-A3ZF",62.4503606647345,-5.50054862940472,-7.96805458354162,59.4254394821814,48.0624907940884,63.8045936581289,0,0,1,0,0,0
"TCGA-FJ-A871",20.6820522100615,78.9902050839662,10.5855255104518,-3.66644264810693,-4.14845001529589,16.70928032058,0,1,0,1,0,0
"TCGA-FT-A3EE",-5.49629163644256,-4.12839535306031,17.9757505964129,-2.96092694337123,2.3975655616373,1.88977163871852,0,0,0,0,0,0
"TCGA-FT-A61P",5.63175623166888,78.5518258727706,77.5467430350676,-18.2846753619065,-14.8682918451487,-14.6762207279616,0,1,1,0,0,0
"TCGA-G2-A2EF",9.93793837467202,95.5930583958763,74.3430506409113,-12.2070528259498,-9.61143937738372,-7.32802894589033,0,0,0,0,0,0
"TCGA-G2-A2EJ",-3.94415697157674,55.9798366829459,78.305552560883,-6.36232456899327,-8.6040072143979,-7.06094411000602,0,0,1,0,0,0
"TCGA-G2-A2EK",-3.98593779939675,-15.3460739654408,-15.4261883196861,40.3645885725191,32.7558010500972,-1.35452934885425,0,0,0,1,0,0
"TCGA-G2-A2EL",31.307821427819,107.189617465052,39.5597708755931,10.1951947311756,16.154039052403,68.8097638471431,0,1,1,1,0,1
"TCGA-G2-A2EO",8.30673047282555,35.333991117009,-5.34653023160383,13.5569595378992,-6.14535855204949,-5.79361502828461,0,1,0,1,0,0
"TCGA-G2-A2ES",-2.38163359821933,48.5638548262368,58.3468495598037,-6.99971604392087,-13.3116742643853,-11.5959343069126,0,0,0,1,0,0
"TCGA-G2-A3IB",-6.19984876243611,37.1091299290517,22.3232217190239,-3.86028405723748,-5.68531375504105,-2.30132107551117,0,0,0,0,0,0
"TCGA-G2-A3IE",39.9469866557926,-15.9507091124124,-18.9396337002642,79.2950656312388,51.4564257453881,28.6915118299901,0,0,0,0,0,0
"TCGA-G2-A3VY",48.2105885784372,-4.91626093534783,-10.4579936652836,66.3505928945405,51.8402399644296,54.6540795009497,0,0,0,0,0,0
"TCGA-G2-AA3B",93.7352143478238,-16.0253505434814,-16.1755113638046,88.4754519047166,44.6686659722126,37.8553305316152,1,0,0,1,0,0
"TCGA-G2-AA3C",11.7222260851689,65.8491934720534,29.1414928418918,-9.17105126588956,-12.2752489016832,-10.5630400740393,0,0,0,1,0,0
"TCGA-G2-AA3D",35.4788314839634,-15.924324573752,-14.3191536906106,98.9744040194894,48.3555290429944,39.8831956854971,0,0,0,1,0,0
"TCGA-G2-AA3F",35.2351682176286,-11.0237305506675,-9.64403321524188,48.3409586691425,35.8211685851993,44.4558664583079,0,0,0,0,0,0
"TCGA-GC-A3BM",4.31299943041388,-2.70259796496297,-3.71448900201597,55.5486177553817,49.6587814342697,16.9627557248321,0,0,1,0,1,0
"TCGA-GC-A3I6",4.52215200737477,27.6470984408765,46.8924077377426,-8.86894416820468,-5.69457226054229,-7.99002680457818,1,0,0,0,0,0
"TCGA-GC-A3OO",-7.59181039522531,10.3737559511121,-8.06947397265688,-11.5653581111358,-6.34842784021504,-8.35023001361656,0,0,0,0,0,0
"TCGA-GC-A3RB",55.8195260345602,20.7466356723715,39.447318720035,24.8237274540056,22.4547760329519,43.15588096898,0,0,1,0,0,0
"TCGA-GC-A3RC",-2.90657225383351,113.426234829427,77.4660875967694,-14.1339312769788,-10.9718304799483,-5.15347437746858,1,1,0,1,0,1
"TCGA-GC-A3RD",37.9179835011298,8.22945709918431,-5.01334200765166,64.1965298592423,39.121045008123,34.3659247549269,0,1,0,0,0,0
"TCGA-GC-A3WC",-7.09916907610171,44.70723191043,27.6647779474789,-11.5230556939095,-11.8346253911015,-12.9267787645002,0,0,0,0,0,0
"TCGA-GC-A3YS",-2.55652695155189,67.0341073339939,45.5766540610621,-14.2879306920779,-12.5270395520553,-8.75114122956757,0,0,0,0,0,0
"TCGA-GC-A6I1",-3.51925409769996,66.548136099231,70.059958302826,-12.2498098829129,-14.4756659736592,-15.7837122427004,0,0,0,0,0,0
"TCGA-GC-A6I3",39.6193109019943,-10.2591915210504,-14.037826370318,44.9339604954685,11.2488461203926,7.20748582911162,0,0,0,0,0,0
"TCGA-GD-A2C5",4.63778780688427,-9.21802052963073,-12.7524760137266,53.6917738435943,21.6296921422156,22.9742499441521,0,0,0,1,0,1
"TCGA-GD-A3OP",-13.9728602631685,-11.3416351317629,-14.6045550645352,13.1457648511304,8.97750566954306,1.35010756076346,0,0,0,0,0,0
"TCGA-GD-A3OQ",-10.4393669920712,18.7834531576975,35.1685375478144,-3.87090731077297,1.40652042973039,-0.45663780842282,0,0,1,0,0,0
"TCGA-GD-A3OS",11.7867013026707,72.3017556802226,33.6317897080971,-8.82266686462573,-5.07397595925342,13.1460793051887,0,0,0,0,0,0
"TCGA-GD-A6C6",37.0806315956727,-8.37791163364216,-16.3949362414398,72.1582851944816,19.6738229600843,20.8219521622596,0,0,0,1,0,0
"TCGA-GD-A76B",-4.16842752192735,-12.529099798488,-11.1112455305498,36.7833972869736,11.8310243593429,14.2451391302922,0,0,0,1,0,0
"TCGA-GU-A42P",46.8220096669584,-6.66373037177154,-7.30656218524079,58.6581034633497,47.01806771539,64.0866218596024,0,0,0,1,0,0
"TCGA-GU-A42Q",2.39830510780266,64.6757270002272,29.3848622126286,-4.94846189509751,-4.28853991509479,3.41729930786637,0,0,0,0,0,0
"TCGA-GU-A42R",24.7833456094638,1.18282499473793,-7.3832600722094,78.4784027146466,48.371005537183,40.4632426609998,0,0,0,1,0,1
"TCGA-GU-A762",-4.30254246421862,75.5248234538307,58.3789847686621,-17.4213374780976,-16.3875074982839,-16.6559328182588,0,0,0,0,0,0
"TCGA-GU-A763",16.7148673436391,-13.2611670414622,-22.647861844258,110.458999104502,42.4868531817739,20.982768257173,0,0,0,0,0,0
"TCGA-GU-A764",2.58762294442213,40.4087307912288,27.803286869124,-16.4205359533936,-12.6619877093687,-9.21353346707956,0,0,0,0,0,0
"TCGA-GU-A766",2.25017875475997,61.1848798346969,68.1450582635075,-16.2636846196754,-16.4786568930939,-17.9000648257244,0,0,0,0,0,0
"TCGA-GU-A767",56.0864395970775,-10.8161823016583,-22.6036753271896,58.3817877775643,18.5254467703526,17.8955588123475,0,0,0,0,0,0
"TCGA-GU-AATO",-4.85847244016799,-8.46346019681667,-7.12737265439527,-4.80525418450947,-2.59916660919444,9.57964959157893,0,0,0,0,0,0
"TCGA-GU-AATP",54.8928775381807,-5.0550691129767,14.06141936403,30.3258615706147,11.5708141463907,11.5171075834564,0,0,1,1,0,0
"TCGA-GU-AATQ",-3.64120625726504,23.4840571486355,5.96937498977881,16.6162008567436,1.39080894734207,-4.08467564485521,0,0,0,1,0,0
"TCGA-GV-A3JV",8.21125863652752,-11.1654988949855,-7.14497025202578,-3.41177353262956,6.74530128171605,1.421217662986,0,0,0,0,0,0
"TCGA-GV-A3JW",81.6855369040502,-4.33964176724939,-14.008572653382,85.1022453997383,48.8237744915126,47.016152033597,1,0,0,0,0,0
"TCGA-GV-A3JX",-4.8687843797132,47.3259580217576,48.7120599016986,-5.33432057711647,26.7576945350386,47.6011979999312,0,1,1,0,1,1
"TCGA-GV-A3JZ",71.3683650591,31.2179121376939,50.1597743480413,2.71860673619202,10.359801592716,44.1369274691827,1,0,1,0,0,0
"TCGA-GV-A3QF",59.113760798694,-14.6769700743383,-15.1804562226816,82.4795253202521,41.4042286940108,39.9874090313215,0,0,0,1,0,0
"TCGA-GV-A3QG",12.0198459137157,46.3748486129001,54.6695589762945,-18.7400742028896,-14.9152543403117,-13.9032264655785,0,1,0,0,0,0
"TCGA-GV-A3QH",54.8731336351532,2.05596597427125,-3.60224122072873,76.3366349074424,57.1888419213387,63.7946847179621,0,0,0,1,0,0
"TCGA-GV-A3QI",11.3577605932458,40.2512686600658,-4.17040960065874,7.815498696376,29.1493648653744,57.8614562627072,0,0,0,0,0,0
"TCGA-GV-A3QK",-6.33184876021075,-18.7546017902419,-13.4082326936916,63.7303218155665,31.5082814919517,21.8858714037505,0,0,0,0,0,0
"TCGA-GV-A40E",23.0661930398492,43.4463619590608,63.7667877449012,-10.7276407172734,-6.39725953333821,-3.13381737121727,0,0,0,0,0,0
"TCGA-GV-A40G",46.5188391947893,-12.3615471693849,-12.4605519118585,49.0599244388074,49.4806582562276,59.3279784891496,0,0,0,0,0,0
"TCGA-GV-A6ZA",44.251845795595,-10.2588624300722,-9.91159507453088,98.0267259804437,46.5818609463175,34.9329780531057,0,0,0,1,0,0
"TCGA-H4-A2HO",5.17182142604235,-15.2481795277824,-14.6188083570579,19.1253079823874,15.3908547281721,8.20260786425889,0,0,0,0,0,0
"TCGA-H4-A2HQ",22.6566343976352,11.4614464362832,6.23332092479881,67.3800569757429,56.8439085512179,40.1286161009646,0,0,0,0,1,0
"TCGA-HQ-A2OE",19.7359742678983,-4.39471722744717,-6.96924303151611,25.2859667456767,31.3416815908107,50.4407965363826,0,0,0,0,0,1
"TCGA-HQ-A2OF",16.934764213636,1.44949958580429,-4.10780670756981,6.28068356479857,39.8097196777327,37.7878879156428,0,0,0,0,1,0
"TCGA-HQ-A5ND",3.8329567439532,42.5042396727848,22.4504974573518,6.35656949892892,4.07544546178074,3.22160667800578,0,0,0,0,0,0
"TCGA-HQ-A5NE",-11.0901036399378,30.0729235781682,36.128525599816,-12.6902420291229,-11.8256280518466,-9.48071284123736,0,0,0,0,0,0
"TCGA-K4-A3WS",39.2765083394948,16.7431058245073,-4.84673695852423,-11.2482929554249,-8.70206813111927,-14.4948536141793,1,0,0,0,0,0
"TCGA-K4-A3WU",3.52490870645036,-7.74677377233149,-8.29045193061794,-8.31514583842386,-5.60703372192483,-10.8767052607145,0,0,0,0,0,0
"TCGA-K4-A3WV",18.9306697133143,21.7137805026154,2.89441727064297,7.69114567641828,19.7289507669215,33.405184952373,0,0,0,0,0,0
"TCGA-K4-A4AB",-12.5281983651357,-5.79820813986642,-10.0342764221291,9.22537861735442,-6.75682288358221,-17.345365569248,0,0,0,1,0,0
"TCGA-K4-A4AC",-3.22434292400518,75.1093134914696,49.7673986040079,-11.7242936975402,-9.93721145732403,-9.01756436902118,0,0,0,0,0,0
"TCGA-K4-A54R",56.190331188602,13.0106121721378,50.4379345988631,-9.143514656582,-6.38633873074071,1.69882802970814,1,0,1,0,0,0
"TCGA-K4-A5RH",2.12777638227433,113.652823496191,67.4850086829052,-19.8825196194384,-15.7494631048238,-10.8023219661064,0,1,0,0,0,0
"TCGA-K4-A5RI",-9.97956526950237,36.4705403434871,-3.61544026799628,-5.47440588217098,-4.42115714161751,-6.09847606211861,0,0,0,0,0,0
"TCGA-K4-A5RJ",19.2246461488997,69.3597429929814,48.1738247762551,-13.6857952324702,-12.0802014487586,-9.33708178327433,0,0,0,0,0,0
"TCGA-K4-A6FZ",-15.0679795027297,1.60244410658953,33.7045177663964,-5.82857852190297,-7.50050265447868,-10.2178809607603,0,0,0,0,0,0
"TCGA-K4-A6MB",40.1907654716063,-5.10148183542708,-6.10526359171592,18.994058013194,22.3025543938734,31.0248199171788,0,0,0,0,0,0
"TCGA-K4-A83P",10.2021244256738,3.46888634588809,6.35787876125805,-11.938730663328,-14.1843757530682,-17.5146366363834,0,0,0,0,0,0
"TCGA-K4-AAQO",23.9987058394351,14.4993398599705,-12.8858908727781,-8.85981780971082,-4.86818391105074,-9.54289825209504,1,1,0,0,0,0
"TCGA-KQ-A41N",94.3377922588403,-11.582287403712,-21.3285509289977,77.2544811135398,31.4477965454162,29.2558917179033,1,0,0,1,0,0
"TCGA-KQ-A41O",61.046642392732,1.59909117651539,-20.6818472913082,112.453734694208,68.938159016093,53.8865167388471,0,1,0,1,0,0
"TCGA-KQ-A41P",92.8584226404028,-16.3168311512091,-14.289120895026,40.891542633214,28.6921646613327,17.2664978955602,1,0,0,1,1,1
"TCGA-KQ-A41Q",38.1294285744301,-8.53194537170922,-11.6943217944491,42.8731714513997,46.0952080226303,51.2031162616775,0,0,0,0,0,0
"TCGA-KQ-A41R",53.148802507265,-16.429795251034,-20.0021440168942,86.236927817312,39.3103835496423,34.7656700697164,0,0,0,1,0,0
"TCGA-KQ-A41S",-9.01222220938248,-5.23910469567161,-6.55411863704021,-5.91295454379576,-4.62045577806607,10.2556194558848,0,0,0,0,0,0
"TCGA-LC-A66R",-3.88023300580402,70.3517397029014,67.2315191629019,-17.8823656128329,-14.7233406984011,-9.43432785050548,0,0,0,0,0,0
"TCGA-LT-A5Z6",32.1960510674363,-5.89504799770043,-8.95163193318443,40.7564757765217,43.7592140163997,68.4371369378588,0,0,0,0,0,1
"TCGA-MV-A51V",25.0233405488634,-11.386035635721,-12.6908505542558,37.6477111482446,30.2765974303079,40.934880709766,0,0,0,0,0,0
"TCGA-PQ-A6FI",10.1199327207604,102.708952816005,74.1293960008188,-7.40758140244043,-7.09739678454128,-5.00745436972758,0,1,0,0,0,0
"TCGA-PQ-A6FN",5.09589293373879,47.4035898651242,15.4297690779187,-5.45517733543607,-8.1772262959428,-5.20671809035621,0,0,0,0,0,0
"TCGA-R3-A69X",-7.72341267401438,10.9494645708784,28.1699296473329,-7.12220582478644,-8.84327869176727,-14.709367964094,0,0,1,0,0,0
"TCGA-S5-A6DX",37.6550426693736,-16.2261355795623,-14.8595926744476,24.5340694181487,-3.47434112517217,-7.80787965532028,0,0,0,0,0,0
"TCGA-S5-AA26",25.2947055080688,-13.6903461681115,-22.2842378100323,86.7486634325875,56.3589316683415,31.0864649332299,0,0,0,0,0,0
"TCGA-SY-A9G0",11.2511634023621,22.5523822966591,-8.56091615831606,-13.4209786299202,-10.0671212621416,-16.016879500865,0,0,0,0,0,0
"TCGA-SY-A9G5",6.25670107743545,6.5654169739334,30.0337958633216,-11.2233693540464,-12.6389986814008,-18.2681870074957,0,0,0,0,0,0
"TCGA-UY-A78K",37.0019680770336,17.0898562392663,5.44987135702603,-6.18892984289804,-3.43880186158901,25.7468917691847,0,0,0,0,0,0
"TCGA-UY-A78L",29.4242615846859,41.7312595649663,55.7832615478033,-9.40544071077043,-8.23894772445838,-3.33080878763133,0,0,0,0,0,0
"TCGA-UY-A78M",55.2363142686387,-11.1668121018707,-12.6533754079231,43.4465098245327,17.5052766239266,22.6250491180611,0,0,0,0,0,0
"TCGA-UY-A78N",49.3193910508691,18.0140874719183,-11.8724094891071,42.152173936889,52.986148800351,64.8709124290042,0,0,0,0,1,1
"TCGA-UY-A78O",41.2217296484347,-18.3215591707011,-23.4200556780514,66.3632082182382,53.5964929925172,28.9073302301148,0,0,0,0,1,0
"TCGA-UY-A8OB",-4.0331174346687,45.9378943060004,46.1939857640964,-10.5188906758686,-7.46378872839695,-4.53576509427455,0,0,0,0,0,0
"TCGA-UY-A9PA",-13.6142426881897,-7.72780845840854,8.08620639942433,31.8109887994459,6.82717545726424,-10.5565132254632,0,0,0,0,0,0
"TCGA-UY-A9PB",-4.26990169572067,93.0547434333233,93.014834968136,-20.1801470640131,-15.2360889666059,-14.5449755556208,0,0,1,0,0,0
"TCGA-UY-A9PD",108.514441161032,-8.73464231128418,-13.3490810262762,44.7624764144286,15.0420031238317,36.2346296375681,1,0,0,1,0,1
"TCGA-UY-A9PE",106.506019453802,-12.1517136116613,-11.5901365161382,26.7224928366423,28.1251452272141,29.191357674939,1,0,1,0,0,0
"TCGA-UY-A9PF",15.5271514751084,-14.5937862989258,-12.2290527524018,30.3592852938181,8.86771411473804,1.40134362279064,0,0,0,1,0,0
"TCGA-UY-A9PH",32.0805749921975,-15.5729148770717,3.71171251654378,22.8077522540067,0.53409887909036,-10.1261359255839,0,0,0,0,0,0
"TCGA-XF-A8HH",18.2561960351661,-15.1347167992849,-11.8331332443019,32.8825798544907,20.7002864151891,2.21774227289777,0,0,0,1,0,0
"TCGA-XF-A8HI",-12.2942132386768,-13.2680641300322,-12.75318041452,106.366329831659,43.805587242716,2.71295052654361,0,0,0,1,0,0
"TCGA-XF-A9SH",-4.05294466550311,-17.0841253962008,-19.6294230855784,62.6618832154351,20.4640515442165,-2.15054350176475,0,0,0,1,0,0
"TCGA-XF-A9SI",34.7758808557525,51.416306098439,53.2242933293188,-14.1959318966174,-12.4590143823573,-12.6331914248165,1,0,1,0,0,0
"TCGA-XF-A9SJ",18.4919053959126,-5.35328115951046,21.8732030453134,-8.19655254736691,-9.9396802993505,-6.70192868576714,0,0,0,1,0,0
"TCGA-XF-A9SK",22.011539679567,-11.952032103108,-10.3799217930051,-5.38888753236182,-4.05173206597395,-13.9024294762255,0,0,0,0,0,0
"TCGA-XF-A9SL",5.92220929475998,5.1776139592121,-10.4181012764208,-14.9061835698225,-14.9989099748431,-18.7118347503821,0,0,0,0,0,0
"TCGA-XF-A9SM",-3.81896286409299,80.6230796302907,93.1381944107029,-18.9416685987176,-16.6969025257387,-15.2553472441474,0,0,1,0,0,0
"TCGA-XF-A9SP",13.1040560486312,2.64811851280442,-11.8231676152172,-9.12902661627055,-8.36507818611727,-10.7137357410113,0,0,0,0,0,0
"TCGA-XF-A9ST",55.0588620304312,28.0035071364639,12.3673692315866,2.83573017837696,16.7459608959312,52.3682773155662,0,0,0,0,0,0
"TCGA-XF-A9SU",12.9177878394693,-10.5835376548242,-13.9226254376291,5.92098003071482,-4.43793606834182,-7.02537656320744,0,0,0,0,0,1
"TCGA-XF-A9SV",7.9892988498125,-8.10497887979583,-12.5618224406543,11.9474668077186,20.2992033262685,3.99444351262022,0,0,0,0,0,0
"TCGA-XF-A9SW",5.72525178009409,24.5650583197537,-7.51016497041799,-17.4423809239255,-15.16842780539,-14.0642383627049,0,0,0,0,0,0
"TCGA-XF-A9SX",-4.70624339647702,53.3767401511739,52.5374219217159,-15.133377344856,-13.0188984718029,-8.47722503696283,0,0,1,0,0,1
"TCGA-XF-A9SY",-5.33339025337224,101.038259185708,109.502202498915,-19.8471155133194,-15.8616817054127,-14.8172401755322,0,0,1,0,0,0
"TCGA-XF-A9SZ",42.7011544121102,-8.20400046549523,7.02568900146068,-4.51843596217204,-5.99034776609287,3.37410358858704,0,0,0,0,0,0
"TCGA-XF-A9T0",70.9812556287945,-7.75300762248266,-7.0836446486704,39.749707225572,14.4866463531835,30.7941366660679,0,0,0,1,0,1
"TCGA-XF-A9T2",10.8145466041204,69.8660723950728,14.3535052747703,-7.68306772020805,-4.91261044107852,16.7174456123015,0,0,0,0,0,0
"TCGA-XF-A9T3",1.8207802866965,80.2917194966169,44.000572892542,-17.0510264753647,-14.1725167150918,-13.9377068157709,0,1,0,0,0,0
"TCGA-XF-A9T4",-11.5344227788856,53.3558085790009,59.2473093748854,-10.7846091119407,-6.86753303718642,-13.7045176836372,0,0,0,0,1,0
"TCGA-XF-A9T5",16.8807335328924,26.8761589744151,60.9779782773806,-8.14430024328109,-11.0740739489904,-11.0619851346491,0,0,1,0,0,0
"TCGA-XF-A9T6",-3.39883255201473,16.1840199317885,24.5306898679537,-6.9052798935496,-1.48205845634173,23.9015651631704,0,0,0,0,1,1
"TCGA-XF-A9T8",-2.93578889888922,46.8113474915913,58.3398870599637,-11.8247475527342,-16.7911492233227,-18.0176700874793,0,0,0,0,0,0
"TCGA-XF-AAME",4.31945686560999,53.374848312895,26.3532660801096,-19.3304624405472,-18.3894530673715,-23.4113960067432,0,0,0,0,0,0
"TCGA-XF-AAMG",52.4696702720897,26.474105865426,7.58278989258439,17.3369754588453,6.21393092884309,44.2586647107701,0,0,0,1,0,0
"TCGA-XF-AAMH",3.62220271972694,25.9017741548132,-10.9718161037087,1.34613308064469,6.93637664895851,25.0820588179562,0,0,0,0,0,0
"TCGA-XF-AAMJ",-5.36228776001798,15.4952502178149,-6.73115197094277,-11.1881200819429,-10.6660805497254,-16.3018945117782,0,0,0,0,0,0
"TCGA-XF-AAML",-3.70165142036809,-0.40439646456131,-4.04813895087513,31.1714077356694,37.1362731808803,65.8563178665423,0,0,0,0,0,1
"TCGA-XF-AAMQ",-8.48964880504634,-5.11419722216812,3.02627444792608,2.62403671440562,9.83700588923455,-4.51715045384423,0,0,0,0,0,0
"TCGA-XF-AAMR",-9.55133520110678,10.3620401865146,-11.9935073480698,-11.2833949023059,-9.05336079733496,-16.9727821484702,0,0,0,0,0,0
"TCGA-XF-AAMT",-7.71627650705124,91.063063791036,53.7619982857313,-14.9741798830544,-13.7563494920853,-16.9337770108534,0,1,0,0,0,0
"TCGA-XF-AAMW",-12.9317001125409,65.3688137233084,65.5684149158024,-11.8066696070635,-11.4975892103556,-11.5938742081245,0,0,0,0,0,1
"TCGA-XF-AAMX",58.7509831297303,-11.4522159650344,-8.77475376253342,52.3640575500734,31.1080841409057,29.8878970066967,0,0,0,1,0,0
"TCGA-XF-AAMY",41.056738449054,-10.2456291281537,-6.02418132432059,7.97532139146017,8.59329508228749,9.81188784046719,0,0,0,0,0,0
"TCGA-XF-AAMZ",70.0434003292238,-9.25650988186491,-10.1139686912714,37.6191622496357,41.1915053135674,32.2355597578328,1,0,0,0,1,0
"TCGA-XF-AAN0",1.42566299356105,-4.23922141354187,15.6466554468997,0.72800805559492,-4.31762481806413,7.60148990919495,0,0,0,1,0,0
"TCGA-XF-AAN1",-5.62883675270978,-13.5989512342703,-16.9469441325675,88.1466897493419,66.8532571774372,30.2911467541062,0,0,0,0,1,0
"TCGA-XF-AAN2",7.93873226810028,49.830118247953,99.8450415654117,-5.54272717374378,-4.5766564147386,16.1745444080442,0,0,1,1,0,0
"TCGA-XF-AAN3",-11.4111124288185,-6.25422414774856,-5.36961169113611,-7.67315087378004,-9.62593663712408,-15.6290770773216,0,0,0,0,0,0
"TCGA-XF-AAN4",-7.46477686060364,73.7890733889519,29.3461503255126,-20.4665987219262,-18.2249275119386,-21.0965193323699,0,0,0,0,0,0
"TCGA-XF-AAN5",-5.60371142754678,68.7145679908585,59.0862445797669,-13.5806781785418,-12.3450798966887,-13.0277891878876,0,1,0,0,0,0
"TCGA-XF-AAN7",9.29353748686674,92.0723774384332,9.59708960784351,-12.0401363021858,-6.02329648685702,36.3660655474345,0,0,0,0,0,1
"TCGA-XF-AAN8",-6.47681261522988,42.4256895412656,7.77679452664944,-17.8012663632611,-17.7729410620745,-21.4978583103687,0,0,0,0,0,0
"TCGA-YC-A8S6",-8.04418615779692,-6.94354680861908,-7.35460228137407,-7.64791736509797,-10.4308687706878,-17.9911685476029,0,0,0,0,0,0
"TCGA-YC-A9TC",20.6599065224559,55.8639483292138,23.3407495885059,-4.43264356890448,-3.56214009487255,28.8739448272593,0,0,0,0,0,0
"TCGA-YF-AA3L",-4.37193715650915,-18.250597069139,-26.0462442083307,61.8830932617835,36.8728101128978,24.2740459423309,0,0,0,0,0,0
"TCGA-YF-AA3M",38.0298751635282,11.59883013023,-2.40024547403055,0.8441813804117,18.288385668478,35.4410314066318,1,0,0,0,0,0
"TCGA-ZF-A9R0",27.9116861944132,-17.0201769262327,-18.4964432924473,57.2414446641716,47.4295466054112,2.04826638272596,0,0,0,1,1,0
"TCGA-ZF-A9R1",10.7605880585003,-4.77869571362031,-10.3729012094404,50.4295678262626,54.4217841912276,15.2689145859746,0,0,0,0,1,0
"TCGA-ZF-A9R2",11.6663542139785,-0.76986288680115,-10.6325583152593,94.5258275566058,55.7279700489031,42.6109728673523,0,0,0,1,0,0
"TCGA-ZF-A9R3",-10.173525218978,-14.3229206982247,-13.1070393484392,64.7731628055047,33.5496629159712,6.17811112117098,0,0,0,1,0,0
"TCGA-ZF-A9R4",28.5489471463715,-5.49613009006465,-4.76830602408234,58.0936000113479,37.2597709037556,38.1240206528021,0,0,1,0,0,0
"TCGA-ZF-A9R5",-5.00761112645498,-7.44490605252424,-7.26502580995314,98.7337853511387,39.060675303951,8.00181643722654,0,0,1,1,0,0
"TCGA-ZF-A9R7",-2.70955232346726,-19.0284859425971,-10.6034058802771,37.6240234248344,22.2873934008905,-8.37618717389666,0,0,0,0,0,0
"TCGA-ZF-A9R9",7.11646915749983,-10.5033769291198,-16.0898998414884,-5.17681731195021,-4.36451122147469,-8.0174444364189,0,0,0,0,0,0
"TCGA-ZF-A9RC",64.6410275580478,-7.11000884559279,-7.02680052444748,4.21727211784744,25.0295551900386,20.3388694549372,0,0,1,0,0,0
"TCGA-ZF-A9RD",-10.5313259916935,49.1702545545063,33.9518422669196,-13.1217741548738,-15.9095284016329,-16.1223376135121,0,0,0,1,0,0
"TCGA-ZF-A9RE",-5.39167331941258,4.24439222152011,5.76275977751951,55.6262217650747,23.0760944711023,24.8914600721878,0,0,0,1,0,0
"TCGA-ZF-A9RF",16.0444853385728,68.4723304880224,50.3201149574825,-12.5860219124739,-9.11444560528527,5.90329385543526,0,0,0,0,0,0
"TCGA-ZF-A9RL",17.2897496509748,-7.97332541446999,-19.659057456704,93.430506873605,62.7913936406405,49.7591206389189,0,1,0,0,0,0
"TCGA-ZF-A9RM",44.1038270933694,-9.54366848890787,-10.8122112594992,73.911130520764,56.1410119587918,57.9661036732522,0,0,0,0,0,0
"TCGA-ZF-A9RN",12.2565136586668,82.8991138710637,33.9516685711906,-4.96757464082042,-3.72952169458183,24.253229359153,0,1,0,0,0,0
"TCGA-ZF-AA4N",-4.92299300319468,103.243307891206,37.0718059777246,-13.9870420542567,-11.1415740291107,-7.93213045729103,0,1,0,0,0,0
"TCGA-ZF-AA4R",14.047130692357,61.228213694817,11.1270343377348,-5.48131950241008,3.04402410229526,22.1612069282247,0,1,0,0,0,0
"TCGA-ZF-AA4T",33.3403955480783,-0.388953190654,-4.87588970681414,41.0272225352316,42.4383231800617,66.0306881116467,0,0,0,0,0,1
"TCGA-ZF-AA4U",3.14109576905823,-6.93081368204906,-9.76539753417546,102.493744858578,61.6838296853453,30.9490670575445,0,0,0,0,1,0
"TCGA-ZF-AA4V",89.1283958473833,25.5697711682424,71.1283877247201,-8.70406984135322,-8.83805868116072,11.9753195880027,1,0,1,0,0,1
"TCGA-ZF-AA4W",37.7135138912821,39.0072877733824,34.7046073551721,1.35150959541646,-6.74481910200014,-4.9210497213411,0,0,0,0,0,0
"TCGA-ZF-AA4X",7.27189391864253,-9.27399710156467,-14.4464102027367,46.8497663727452,50.1122263570846,61.5057851667997,0,0,0,0,0,0
"TCGA-ZF-AA51",27.6804641558172,-10.506490175294,20.2057926097473,23.6207583860884,1.7040885321034,2.53182885261383,0,0,1,1,0,0
"TCGA-ZF-AA52",-4.22551284685637,11.2286553697124,-7.40540878876655,-10.0665253696302,-9.44702444109927,-7.84712163396158,0,0,0,0,0,0
"TCGA-ZF-AA53",-5.4626791496973,68.5996694753272,45.4739036933375,-12.2283830204064,-16.202779198753,-16.5088871305598,0,0,0,1,0,0
"TCGA-ZF-AA54",39.5942900862224,102.256178619629,67.4431081286845,-15.9925364256705,-15.1557644856136,-10.9171304816498,1,0,0,0,0,0
"TCGA-ZF-AA56",-13.6100152986874,-3.56172629232934,21.5959326934219,-6.07651633803513,-11.3396357132445,-16.9114719160929,0,0,0,1,0,0
"TCGA-ZF-AA58",-4.55185863628398,86.3923016729079,86.3186132773722,-19.2737115744147,-16.8968972886016,-14.6867992984914,0,0,1,0,0,0
"TCGA-ZF-AA5H",-8.12320678231378,87.4625117571368,80.0437343708331,-16.4128482046183,-12.1716306437414,-7.44568658475485,0,0,0,0,0,0
"TCGA-ZF-AA5N",8.53878864000425,-9.33266278898448,-3.51307508361018,3.80050924528718,7.07109350037604,17.8200741775356,0,0,0,0,0,0
"TCGA-ZF-AA5P",10.9037058448959,12.3906743322186,-9.50824796258618,-11.5304920460607,-12.3109112267762,-15.0550340717949,0,0,0,0,0,0
