"","HC","IC","ICshore","LC","KM_mut"
"TCGA-2F-A9KO",0.161261283068575,0.611935549982309,0.332983896761263,0.63615895002564,0
"TCGA-2F-A9KP",0.162446596100554,0.547669316302105,0.305787060315816,0.545370947204534,1
"TCGA-2F-A9KQ",0.141374712810151,0.508352942861121,0.274834121607013,0.479930449709087,0
"TCGA-2F-A9KR",0.148745602681551,0.540135729971748,0.301341547039289,0.537065286544202,0
"TCGA-2F-A9KT",0.141395558520186,0.570818599642596,0.294414249472945,0.602768166673651,0
"TCGA-2F-A9KW",0.160480290126896,0.568184820036934,0.303554414848894,0.59089571155313,0
"TCGA-4Z-AA7M",0.131126628728478,0.518228495336746,0.271534221640536,0.558229814419155,0
"TCGA-4Z-AA7N",0.14412230912673,0.640334902902336,0.320725115596645,0.668003210746047,0
"TCGA-4Z-AA7O",0.160167779196491,0.525318003030565,0.301124085679549,0.491612867506298,0
"TCGA-4Z-AA7Q",0.148288112898045,0.591336130939764,0.312479810939008,0.623238312996327,1
"TCGA-4Z-AA7R",0.128872463574287,0.473992698598081,0.251105295238895,0.471711782346084,0
"TCGA-4Z-AA7S",0.207150887246295,0.625868458447078,0.389747610093398,0.57984395221056,0
"TCGA-4Z-AA7W",0.150167631954232,0.615571989514815,0.32493245538786,0.636369710987524,1
"TCGA-4Z-AA7Y",0.16229540962143,0.565386986637518,0.307331061906051,0.526255020153528,0
"TCGA-4Z-AA80",0.140259809927333,0.498383023680073,0.275664978936979,0.505576313232854,0
"TCGA-4Z-AA81",0.201159952696378,0.598734083470372,0.367178749205697,0.552951035392062,0
"TCGA-4Z-AA82",0.152762969315279,0.648686391497677,0.348251079778942,0.646011542039056,1
"TCGA-4Z-AA83",0.184279449698257,0.580071949494929,0.34164393213817,0.55453223150887,1
"TCGA-4Z-AA84",0.163387106696753,0.611966748114952,0.32603892080819,0.599478190926188,1
"TCGA-4Z-AA86",0.169740400829678,0.651546844405503,0.354123128548173,0.65732891112731,0
"TCGA-4Z-AA87",0.15837851591024,0.547899248097137,0.312507500402709,0.54632025891561,0
"TCGA-4Z-AA89",0.149054758819838,0.56656544465959,0.30203714083978,0.554874980901858,1
"TCGA-5N-A9KI",0.168376554173472,0.579891365213925,0.323355338580362,0.563292002769833,0
"TCGA-5N-A9KM",0.190595543794072,0.581519687257995,0.333755584596583,0.56516458954697,0
"TCGA-BL-A0C8",0.205422975822053,0.606185204111151,0.383869169961047,0.590848674589888,0
"TCGA-BL-A13I",0.171007402815465,0.639979173384939,0.353687555660121,0.648964700206634,0
"TCGA-BL-A13J",0.184841354059348,0.624870552348654,0.348083097796182,0.622844025419829,0
"TCGA-BL-A3JM",0.198652720874049,0.59610202008666,0.34280972064391,0.596959859855404,0
"TCGA-BL-A5ZZ",0.161281654425478,0.603527879211748,0.322933757506717,0.605259606030225,1
"TCGA-BT-A0S7",0.135123306993596,0.57178943467817,0.283503419253936,0.623803731094074,1
"TCGA-BT-A0YX",0.173570867814536,0.592023386915667,0.346409405176831,0.608483006623268,0
"TCGA-BT-A20J",0.16441406027954,0.586495868543849,0.307096323513435,0.619592765564033,0
"TCGA-BT-A20N",0.18392113326678,0.642992974084691,0.376683667810533,0.647347863189206,0
"TCGA-BT-A20O",0.179936502836534,0.650326512478299,0.366907156615358,0.681640557612979,0
"TCGA-BT-A20P",0.223212816269642,0.672143041706523,0.415291914826865,0.696506170743234,0
"TCGA-BT-A20Q",0.198675677869105,0.66571063556497,0.391085857166837,0.667592726555218,0
"TCGA-BT-A20R",0.145321921644504,0.586686893157233,0.309975461314956,0.620671876663088,0
"TCGA-BT-A20T",0.172429711420463,0.607581902588326,0.351119609679328,0.641973767775995,1
"TCGA-BT-A20U",0.202997420437344,0.638674710277682,0.382065731353604,0.663293360945207,0
"TCGA-BT-A20V",0.201972416199568,0.627586249704896,0.388042619550914,0.62731199689557,0
"TCGA-BT-A20W",0.181764582226761,0.63925411480204,0.372291948132213,0.63892596557411,0
"TCGA-BT-A20X",0.148516168860727,0.586638980588584,0.310677508010991,0.608734944490806,0
"TCGA-BT-A2LA",0.148556642616698,0.530721941155785,0.2634777189154,0.550446791422303,0
"TCGA-BT-A2LB",0.161001246887541,0.578413524731897,0.313327872058769,0.575798606028872,1
"TCGA-BT-A2LD",0.154118469240067,0.587059331448788,0.322842099592511,0.60239879108902,1
"TCGA-BT-A3PH",0.18660761787776,0.498435150348582,0.314036773402543,0.437047046896375,1
"TCGA-BT-A3PJ",0.174712505493817,0.542005506527831,0.305793331433852,0.533581751140478,0
"TCGA-BT-A3PK",0.151651883497362,0.629108725926294,0.327203611160968,0.652718008276493,0
"TCGA-BT-A42B",0.231349852964355,0.648662866393506,0.409008600742022,0.61230788984886,0
"TCGA-BT-A42C",0.17806899266618,0.587538408710954,0.324358796266209,0.585843433016792,0
"TCGA-BT-A42E",0.192930530923049,0.660913525104808,0.382254062867357,0.661669426503393,0
"TCGA-BT-A42F",0.162412049539032,0.611120153041984,0.330506605812604,0.624311818148437,0
"TCGA-C4-A0EZ",0.1955681046528,0.59740782701693,0.351502800108767,0.636705816663401,0
"TCGA-C4-A0F0",0.163686412357149,0.598745023300491,0.336565149164434,0.59130250851674,0
"TCGA-C4-A0F6",0.194460655881291,0.5725992889861,0.361023315096082,0.555348296850902,0
"TCGA-CF-A1HR",0.166919469998715,0.608083957368248,0.327108540379806,0.617073681871611,0
"TCGA-CF-A1HS",0.191435514589339,0.649421536863785,0.383058437797917,0.655581983554711,1
"TCGA-CF-A27C",0.160841660597729,0.557940360420976,0.306293453942627,0.534451957114917,0
"TCGA-CF-A3MF",0.179526505657041,0.582397717935999,0.326579305127653,0.478012308084288,0
"TCGA-CF-A3MG",0.162663100349798,0.550505515937287,0.296850263519591,0.470160269582404,0
"TCGA-CF-A3MH",0.164574396309253,0.580251520969038,0.315671605611379,0.52486133115223,0
"TCGA-CF-A3MI",0.151148309101711,0.545711739208961,0.291435048435377,0.502523923068326,0
"TCGA-CF-A47S",0.163603328274595,0.645777761145078,0.342017740287024,0.634282695863647,0
"TCGA-CF-A47T",0.152330584731365,0.495470661150807,0.278482231119433,0.473939106700095,0
"TCGA-CF-A47V",0.211272368847156,0.668625653801988,0.397323337114471,0.645227879400766,0
"TCGA-CF-A47W",0.140320930489122,0.629715129692231,0.304159830254817,0.628260523489286,1
"TCGA-CF-A47X",0.169150847634822,0.480948972441677,0.288511328053795,0.49039708027394,0
"TCGA-CF-A47Y",0.149195430441956,0.627226031130747,0.314502949146377,0.632600540516576,1
"TCGA-CF-A5U8",0.140065596245304,0.584422791360872,0.290004145145858,0.565966467702395,1
"TCGA-CF-A5UA",0.18764974655933,0.68553049074075,0.400875453622955,0.697338858711153,0
"TCGA-CF-A7I0",0.132960757880347,0.526677993340694,0.278733622229247,0.519069744742934,0
"TCGA-CF-A9FF",0.163052301138509,0.586184785664369,0.327392999147872,0.565056957134341,0
"TCGA-CF-A9FH",0.17407832467372,0.630672893445307,0.339361072703291,0.595053283737267,0
"TCGA-CF-A9FL",0.148558884493299,0.518356570419329,0.288626585847683,0.518443889327649,0
"TCGA-CF-A9FM",0.136374371905014,0.643092565970805,0.305247372887457,0.636502277168892,0
"TCGA-CU-A0YN",0.186483977515208,0.644679791785381,0.373834368757849,0.638066194811293,0
"TCGA-CU-A0YO",0.164958705298985,0.636059606239522,0.342885923857664,0.661101837392063,0
"TCGA-CU-A0YR",0.15887720132138,0.658442577898907,0.347712053769023,0.693409344325131,0
"TCGA-CU-A3KJ",0.157057233155484,0.55104795883047,0.297353126727854,0.572668853535412,1
"TCGA-CU-A3QU",0.242185377401996,0.606604581345191,0.386422767693342,0.570185382728797,0
"TCGA-CU-A3YL",0.189743894447319,0.609003700982156,0.350862114088762,0.604895111171767,0
"TCGA-CU-A5W6",0.151511975777571,0.612135606001155,0.320726105502039,0.648461164738205,0
"TCGA-CU-A72E",0.130810755753699,0.501768091089837,0.267405230790347,0.493660971766413,0
"TCGA-DK-A1A3",0.150693990830034,0.594616942829918,0.314374202161992,0.622282087703214,1
"TCGA-DK-A1A5",0.185309589722314,0.597145942766934,0.345617632862944,0.575045877129006,0
"TCGA-DK-A1A7",0.168104166910265,0.596272868572549,0.322975113580097,0.626785558052976,1
"TCGA-DK-A1AA",0.153432334021643,0.529430577627196,0.28815381963228,0.496971710668515,1
"TCGA-DK-A1AB",0.149241651240033,0.627619865462323,0.326455089257273,0.676742334682035,1
"TCGA-DK-A1AC",0.160331929089241,0.555691952454793,0.320216397178373,0.620733784707999,1
"TCGA-DK-A1AD",0.137952617009239,0.462604936665127,0.261661671782041,0.458870421790298,0
"TCGA-DK-A1AE",0.157386416777861,0.553453017166901,0.301258412650193,0.566502180037257,0
"TCGA-DK-A1AF",0.159470327224926,0.647642015863473,0.340019064130948,0.679147713020361,1
"TCGA-DK-A1AG",0.162432089869988,0.558636954821959,0.309004365425739,0.558921152840364,1
"TCGA-DK-A2HX",0.189983657079083,0.659646846367216,0.370822378025901,0.665733006392325,0
"TCGA-DK-A2I1",0.14498081952699,0.556602860535116,0.293063064114259,0.552973644344539,0
"TCGA-DK-A2I2",0.162691215777542,0.6192635060364,0.34028232565366,0.680584413578652,1
"TCGA-DK-A2I4",0.185833309188827,0.657759811001028,0.373260858591998,0.671013900414937,0
"TCGA-DK-A2I6",0.136260058827715,0.587678446864994,0.296792317235986,0.607544033938288,1
"TCGA-DK-A3IK",0.156870915959485,0.581680974921318,0.309474614501038,0.594805030587674,0
"TCGA-DK-A3IL",0.197813831827844,0.624466566301738,0.356989860167093,0.616166767119282,0
"TCGA-DK-A3IM",0.158428572176223,0.625167836714206,0.32584398226554,0.663032294348239,0
"TCGA-DK-A3IN",0.132411895913015,0.545136551345566,0.280646778454998,0.571465952429126,0
"TCGA-DK-A3IQ",0.147526017994714,0.618463340630358,0.31695232921028,0.641441505676283,0
"TCGA-DK-A3IS",0.127250832986842,0.477350477236183,0.246120382795862,0.479457936842271,1
"TCGA-DK-A3IT",0.163231625540106,0.630377472529133,0.334058991466028,0.621470874232411,0
"TCGA-DK-A3IU",0.169802954871702,0.639711434276274,0.345769559435028,0.650191151998186,0
"TCGA-DK-A3IV",0.172348829608254,0.620561517938511,0.339500210826502,0.607199059044044,0
"TCGA-DK-A3WW",0.168909210690303,0.622596780824727,0.342442700958373,0.625073088727643,0
"TCGA-DK-A3WX",0.154807403223586,0.622936084574294,0.329821464664808,0.655825150322689,0
"TCGA-DK-A3WY",0.166704984597934,0.696634634269977,0.366142733915183,0.736789969993131,0
"TCGA-DK-A3X1",0.152657057152909,0.565936503201152,0.313162343656365,0.584151048578154,0
"TCGA-DK-A3X2",0.163176560628031,0.535703307624713,0.297048754845024,0.588380144414273,0
"TCGA-DK-A6AV",0.161914835300311,0.602000574651611,0.331174350717217,0.595042763385526,0
"TCGA-DK-A6AW",0.166581581272162,0.615139805135025,0.347291163744136,0.571234404783313,0
"TCGA-DK-A6B0",0.133752933132854,0.621543047581049,0.298507031688076,0.633235072278946,1
"TCGA-DK-A6B1",0.194067314358333,0.564738234101788,0.328801587733153,0.573590573186,0
"TCGA-DK-A6B2",0.153335303691228,0.602905322612921,0.328992308696186,0.595318587323479,0
"TCGA-DK-A6B5",0.130228077450783,0.57229374919026,0.289902758549753,0.574075355829579,1
"TCGA-DK-A6B6",0.17632184925599,0.649464859578856,0.372108815967716,0.654867656238675,0
"TCGA-DK-AA6L",0.167326687381399,0.576836213165891,0.318679496287145,0.563945155797828,0
"TCGA-DK-AA6M",0.204019113660772,0.658535221497086,0.379289303249325,0.636722658011476,0
"TCGA-DK-AA6P",0.128597123270655,0.554341595786494,0.27101008550822,0.606272352808174,1
"TCGA-DK-AA6Q",0.18939815684373,0.641737697451074,0.37379780653865,0.613812011180277,0
"TCGA-DK-AA6R",0.15726855472717,0.617707677068138,0.331524253809434,0.649887235055993,0
"TCGA-DK-AA6S",0.159260707650299,0.603699564387667,0.349980922281366,0.621204350019763,0
"TCGA-DK-AA6T",0.185309470409749,0.683521305374947,0.369285324917223,0.654477791075279,0
"TCGA-DK-AA6U",0.137383203753516,0.504380292790992,0.27119601900749,0.529308361396888,0
"TCGA-DK-AA6W",0.144159852613971,0.556390798942058,0.290818172843343,0.546501593251851,1
"TCGA-DK-AA6X",0.161707143989217,0.653734111092158,0.344242338134604,0.672400906186915,1
"TCGA-DK-AA71",0.173339929737462,0.620438315202656,0.349707883268169,0.633706303473113,0
"TCGA-DK-AA74",0.150891918641005,0.633453471946306,0.321261825380584,0.654499805386141,0
"TCGA-DK-AA75",0.129436564855781,0.452757089003032,0.246990961010469,0.470697447912104,0
"TCGA-DK-AA76",0.141973559137671,0.486623858716215,0.267551727496351,0.500749287115851,0
"TCGA-DK-AA77",0.149639233594613,0.558889481264192,0.309486393828651,0.554021636871654,1
"TCGA-E5-A2PC",0.137787960595787,0.50176739975719,0.28120286582991,0.532035793118349,1
"TCGA-E5-A4TZ",0.155288509678536,0.493755539199822,0.266408735117454,0.507814871784219,0
"TCGA-E5-A4U1",0.16362566721275,0.543465026515248,0.301202140726459,0.545663000816641,0
"TCGA-E7-A3X6",0.157981841159906,0.563684132096695,0.306655530424731,0.556550656421918,0
"TCGA-E7-A3Y1",0.15074306916197,0.566182325291412,0.302003263072888,0.556755187580988,0
"TCGA-E7-A4IJ",0.147532199410133,0.548550259784393,0.301512505893015,0.575546400322571,0
"TCGA-E7-A4XJ",0.221059286327195,0.671983176230302,0.423127221368145,0.626293562613134,0
"TCGA-E7-A519",0.152743701242563,0.658281495019115,0.335010076722947,0.665723396108236,1
"TCGA-E7-A541",0.236265580998662,0.664519363354415,0.434301283147748,0.663588413118275,0
"TCGA-E7-A5KE",0.176448450844555,0.501756648035348,0.302639227953269,0.479358387626656,0
"TCGA-E7-A5KF",0.151076088112834,0.600833894085723,0.300450713258903,0.591395062974528,1
"TCGA-E7-A677",0.185225149565119,0.623313059630058,0.354231603434879,0.580310469824146,0
"TCGA-E7-A678",0.123519858088944,0.571895410099058,0.266154046277097,0.539537345030426,1
"TCGA-E7-A6MD",0.158516859621928,0.585045965593653,0.314669327406606,0.601031654579,1
"TCGA-E7-A6ME",0.165292772451513,0.584067586339988,0.318194601984978,0.608812290778975,1
"TCGA-E7-A6MF",0.126429507171363,0.620236883199345,0.287990769518935,0.627912793615663,0
"TCGA-E7-A7DU",0.142128822839851,0.523095199534354,0.273179269117948,0.498481015012548,1
"TCGA-E7-A7DV",0.142017853883932,0.570784614422597,0.29521375598143,0.582555598857746,0
"TCGA-E7-A7PW",0.17930183112853,0.629165346138026,0.349329658349516,0.618675804687246,1
"TCGA-E7-A7XN",0.161607941084933,0.611893813912559,0.328188394562661,0.632067007067845,1
"TCGA-E7-A85H",0.169577108716164,0.697010643815153,0.380639004076648,0.721894429928144,1
"TCGA-E7-A97P",0.163662826707135,0.622895486276101,0.337761067985472,0.619791075579892,0
"TCGA-E7-A97Q",0.142619167579128,0.534972293156263,0.275318452050113,0.507425725953136,1
"TCGA-FD-A3B3",0.161105832319951,0.602811046996511,0.319481815339617,0.632971358593512,0
"TCGA-FD-A3B4",0.199453686253656,0.687798538557191,0.404234706591676,0.690094378929218,0
"TCGA-FD-A3B5",0.143536284008377,0.532405384972447,0.278222597577992,0.553798367341095,1
"TCGA-FD-A3B6",0.173597039769828,0.581299501299344,0.318953625049494,0.59522032424515,0
"TCGA-FD-A3B7",0.157017249033089,0.631645467513794,0.332153384191944,0.658860984799663,0
"TCGA-FD-A3B8",0.146612025021018,0.667437080848732,0.339931074933935,0.698423627653473,0
"TCGA-FD-A3N5",0.208218443191274,0.633630915827276,0.387798864850559,0.601993109021382,1
"TCGA-FD-A3N6",0.183982456308098,0.545718615189454,0.335297332185157,0.525096142334072,0
"TCGA-FD-A3NA",0.146093113266306,0.58590124800637,0.311663418230723,0.593751267592915,0
"TCGA-FD-A3SJ",0.126465366214143,0.550149790995692,0.270364073110821,0.601421721078691,1
"TCGA-FD-A3SL",0.167481582925767,0.639435011102811,0.348516390524704,0.650507648678594,1
"TCGA-FD-A3SM",0.127300528150187,0.513784929939221,0.260413619383224,0.53405126223728,0
"TCGA-FD-A3SN",0.216198461677764,0.643067874646178,0.375516265350023,0.615142294730345,0
"TCGA-FD-A3SO",0.188512386153026,0.674553087088602,0.373726138013525,0.687233428054113,0
"TCGA-FD-A3SP",0.154819384220128,0.625359419642492,0.334022079417272,0.649511950140849,0
"TCGA-FD-A3SQ",0.173279393031361,0.639959835912862,0.346006006249778,0.644040372148411,0
"TCGA-FD-A3SR",0.180058190330731,0.595283671871882,0.337024619726244,0.642339627006463,0
"TCGA-FD-A3SS",0.185218967315259,0.636165107722111,0.358945631094054,0.654038357041519,0
"TCGA-FD-A43N",0.159301995094055,0.514863279231422,0.295922494768891,0.492316993841179,0
"TCGA-FD-A43P",0.174324189239446,0.642270764906173,0.352710118410167,0.668298033562605,1
"TCGA-FD-A43S",0.167978535420928,0.669122766695302,0.355171500135485,0.695359457904413,0
"TCGA-FD-A43U",0.171588858034426,0.623674311089199,0.340461041263203,0.632159211908744,0
"TCGA-FD-A43X",0.168075728667387,0.541430661881923,0.305517105143808,0.516570304700332,1
"TCGA-FD-A5BR",0.163054601787841,0.604663351177652,0.325781438075793,0.590008590166014,0
"TCGA-FD-A5BS",0.151006071688916,0.627253586782777,0.322109680016833,0.649795313830872,0
"TCGA-FD-A5BT",0.154777766242555,0.668894282380405,0.340664635376726,0.701574605195937,0
"TCGA-FD-A5BU",0.164755667187993,0.628882891624767,0.342686966799278,0.648234863103745,0
"TCGA-FD-A5BV",0.173812612297019,0.566892389007347,0.336460490711036,0.54778802211988,1
"TCGA-FD-A5BX",0.144981148987046,0.580686762597008,0.307250311227487,0.60779741051626,1
"TCGA-FD-A5BY",0.216943188483288,0.644660361721222,0.371865661140683,0.618512040176682,0
"TCGA-FD-A5BZ",0.16914612911276,0.575262424042773,0.319353726216223,0.581426130368183,0
"TCGA-FD-A5C0",0.194677958092626,0.656113063148391,0.373819536633556,0.65886105478105,1
"TCGA-FD-A5C1",0.192272741327703,0.627538954330669,0.369325257550986,0.627217101812965,0
"TCGA-FD-A62N",0.18260396541765,0.680966054787117,0.376158817629319,0.682258204027282,0
"TCGA-FD-A62O",0.208142587079459,0.627375291649713,0.383038125873137,0.568559424175816,0
"TCGA-FD-A62P",0.150665605606461,0.63447662865477,0.334009079790331,0.641298290106013,0
"TCGA-FD-A62S",0.165068038915117,0.604003210471426,0.332461971208137,0.604572209220546,0
"TCGA-FD-A6TA",0.159494536381463,0.534566348344031,0.287523357736318,0.528308780366216,1
"TCGA-FD-A6TB",0.162501933876839,0.623805672115201,0.336485989782942,0.658498885475254,0
"TCGA-FD-A6TC",0.171023534137695,0.569100029816335,0.308470788571973,0.573380373282045,1
"TCGA-FD-A6TD",0.177058617427813,0.613013215262903,0.339719050005952,0.60545220802665,0
"TCGA-FD-A6TE",0.199041597640013,0.637462855308381,0.368432540748851,0.62016412010569,0
"TCGA-FD-A6TF",0.179630832043437,0.658000998364993,0.363670683339576,0.661196725368784,0
"TCGA-FD-A6TG",0.17181225395082,0.592627639373497,0.329239386094056,0.584512312623497,0
"TCGA-FD-A6TH",0.219076011856337,0.643432322008193,0.374174560333588,0.608144439920302,0
"TCGA-FD-A6TI",0.19937671057721,0.610423894527994,0.357781004618488,0.582872497918619,0
"TCGA-FD-A6TK",0.160117732017934,0.605952876754816,0.329284638527266,0.625525224016494,0
"TCGA-FJ-A3Z7",0.181974266801112,0.635466480521773,0.36956004449258,0.665500505681187,0
"TCGA-FJ-A3Z9",0.162450949816441,0.551684335978494,0.309714897703057,0.503608561026099,0
"TCGA-FJ-A3ZE",0.160415008329529,0.615892130208885,0.319759590396978,0.568999837825154,1
"TCGA-FJ-A3ZF",0.152205277353013,0.511732228101726,0.294088293955025,0.498172176429464,0
"TCGA-FJ-A871",0.155226208790713,0.668955955645188,0.342922870329149,0.666174597132696,1
"TCGA-FT-A3EE",0.189975555235707,0.626815052632191,0.370326773395189,0.595166589645806,0
"TCGA-FT-A61P",0.187919385432972,0.650673229999659,0.372138000757709,0.649749367930058,0
"TCGA-G2-A2EF",0.193027430630051,0.622306502894514,0.37366222562983,0.62712340326857,0
"TCGA-G2-A2EJ",0.183009255273097,0.631383747062338,0.361393989967182,0.634177330602784,0
"TCGA-G2-A2EK",0.144437272721243,0.585838714939038,0.301373151769514,0.592986439865847,1
"TCGA-G2-A2EL",0.115680688285336,0.455513087204014,0.20944490424002,0.482425033906343,1
"TCGA-G2-A2EO",0.190477026930887,0.641055319218482,0.371742224597389,0.635940768525757,1
"TCGA-G2-A2ES",0.191986773144104,0.653419468854518,0.376817266996272,0.628505076137686,1
"TCGA-G2-A3IB",0.153203077922064,0.51690372535123,0.29129014910967,0.466572379095218,0
"TCGA-G2-A3IE",0.142392625301452,0.612376620011885,0.312829421733774,0.605478579163168,0
"TCGA-G2-A3VY",0.163982897609279,0.560407690964885,0.326139518209609,0.598161434728047,0
"TCGA-G2-AA3B",0.195542345372414,0.572459192160461,0.354100219516922,0.554182084659705,1
"TCGA-G2-AA3C",0.137906232619707,0.544796474347385,0.285161223303423,0.570526906596129,1
"TCGA-G2-AA3D",0.14308677345318,0.65222983226755,0.32970838389071,0.6712562952478,1
"TCGA-G2-AA3F",0.172682260701867,0.615580740535851,0.351920559017534,0.589173416075849,0
"TCGA-GC-A3BM",0.169311644262779,0.544366148100038,0.316137272199559,0.533262589217833,0
"TCGA-GC-A3I6",0.195905224649915,0.673015485509057,0.383517404737225,0.659775843574187,0
"TCGA-GC-A3OO",0.179806231646316,0.655822005291697,0.356973418183772,0.656647876371032,0
"TCGA-GC-A3RB",0.141649736431136,0.562626109100057,0.311147489808365,0.542731665788971,0
"TCGA-GC-A3RC",0.230326122106317,0.689242993190179,0.445285793050715,0.667016723610894,1
"TCGA-GC-A3RD",0.155434542962869,0.595753732395292,0.328077956526296,0.592068586428803,0
"TCGA-GC-A3WC",0.167609964895743,0.601615134987984,0.336922457720353,0.646870510468607,0
"TCGA-GC-A3YS",0.183053922451978,0.613710987038563,0.354532726638741,0.617312265758512,0
"TCGA-GC-A6I1",0.174901073229076,0.594838046716689,0.332612051907574,0.590042942315958,0
"TCGA-GC-A6I3",0.177467108841254,0.603726370547814,0.344404054930266,0.621221524966155,0
"TCGA-GD-A2C5",0.182267808353564,0.591705890365354,0.340231798138844,0.586698801177102,1
"TCGA-GD-A3OP",0.190407244377297,0.649756055753334,0.362559005728252,0.652709813537976,0
"TCGA-GD-A3OQ",0.191797620976872,0.623585212547581,0.363257927118691,0.581272555611324,0
"TCGA-GD-A3OS",0.164539052045176,0.647838832984818,0.335138798050686,0.644603976861647,0
"TCGA-GD-A6C6",0.161923977804634,0.588955373444143,0.338163467166364,0.557673290965995,1
"TCGA-GD-A76B",0.185972552449644,0.590914481654127,0.343693312185882,0.591772987508939,1
"TCGA-GU-A42P",0.131868849282685,0.467271835612281,0.23595269893091,0.48547488103977,1
"TCGA-GU-A42Q",0.148519034687396,0.596979633402565,0.322677102115669,0.639381729863427,0
"TCGA-GU-A42R",0.158148155025141,0.63287499012108,0.346981789590713,0.677884639183994,1
"TCGA-GU-A762",0.194434258765623,0.664581804012967,0.379026449958908,0.659695749142741,0
"TCGA-GU-A763",0.143021994011883,0.512987855239442,0.269430038447542,0.485274190184306,0
"TCGA-GU-A764",0.162286140962987,0.599470247580552,0.324173807240526,0.617364824724419,0
"TCGA-GU-A766",0.157938652104928,0.649521545408132,0.337969912824906,0.665073521316797,0
"TCGA-GU-A767",0.157099954584928,0.644346434500356,0.338420901790341,0.673627110956135,0
"TCGA-GU-AATO",0.192515637465969,0.644387540194209,0.370504696146682,0.659286059827748,0
"TCGA-GU-AATP",0.143662635824147,0.593149890776876,0.295197681098972,0.615498280994821,1
"TCGA-GU-AATQ",0.137380595356378,0.508097239534761,0.273771586711844,0.507025448637976,1
"TCGA-GV-A3JV",0.220010618851375,0.651127786767036,0.405289113191372,0.615367452496415,0
"TCGA-GV-A3JW",0.146518342830145,0.601510217486654,0.300007214828623,0.605293515499676,0
"TCGA-GV-A3JX",0.217588613092366,0.617897375426683,0.375409243527015,0.622560716779276,0
"TCGA-GV-A3JZ",0.147698401620042,0.551923498767358,0.300942092067332,0.598152886818812,0
"TCGA-GV-A3QF",0.181097482823075,0.581262548640445,0.321550861308092,0.58618931995019,1
"TCGA-GV-A3QG",0.181395061799301,0.600354669124097,0.336915903094118,0.596122936064622,0
"TCGA-GV-A3QH",0.155258814786848,0.591398634885809,0.323736902270125,0.641093453659208,1
"TCGA-GV-A3QI",0.217198744871754,0.657683649373913,0.405173935880065,0.646449527022522,0
"TCGA-GV-A3QK",0.207629485067135,0.632847432515054,0.376593050049538,0.602747498225721,0
"TCGA-GV-A40E",0.161437757000901,0.57652154876281,0.320028566452311,0.580333356665502,0
"TCGA-GV-A40G",0.217206838620945,0.641601692890546,0.400764229180171,0.647310840165958,0
"TCGA-GV-A6ZA",0.161440245889728,0.52334894729978,0.302810570844499,0.521023448325054,1
"TCGA-H4-A2HO",0.163092332991225,0.57708109734252,0.323708863616569,0.591098775110185,0
"TCGA-H4-A2HQ",0.139266525811152,0.543500816394103,0.293171601807484,0.592167450074762,0
"TCGA-HQ-A2OE",0.154669180689006,0.52927215033688,0.287865361494121,0.536072834459134,0
"TCGA-HQ-A2OF",0.218552981251173,0.651776011024527,0.368483510623692,0.642019058025733,0
"TCGA-HQ-A5ND",0.140811401042156,0.51407531656313,0.276376094612924,0.51777576322207,0
"TCGA-HQ-A5NE",0.152011449125146,0.55063411207682,0.30670760449851,0.564675067108517,0
"TCGA-K4-A3WS",0.163134923163269,0.642456683481495,0.343243933258337,0.662335579807204,0
"TCGA-K4-A3WU",0.166642058540762,0.620615576733065,0.334822971683183,0.642062977793805,0
"TCGA-K4-A3WV",0.179503206199399,0.634569587296684,0.352515044470832,0.626585792903301,0
"TCGA-K4-A4AB",0.132724334987815,0.503309524595512,0.266632254878549,0.48413708156543,1
"TCGA-K4-A4AC",0.161910403822349,0.623943703654961,0.334922875519377,0.647760387192159,0
"TCGA-K4-A54R",0.206167562334286,0.672420064278855,0.384262627040576,0.643004099195192,0
"TCGA-K4-A5RH",0.177090777107338,0.663594198583744,0.369462911067164,0.676027709363554,0
"TCGA-K4-A5RI",0.181012848315459,0.575878152541506,0.34473058520696,0.589719796301274,0
"TCGA-K4-A5RJ",0.177505340116652,0.655209728141783,0.352664699558607,0.688259182773224,0
"TCGA-K4-A6FZ",0.19336493254987,0.654416879689843,0.376395360358692,0.654955989178124,0
"TCGA-K4-A6MB",0.138722280045163,0.534666909766201,0.286089587906123,0.546965792137469,0
"TCGA-K4-A83P",0.153599704073896,0.634983191805047,0.331219620541258,0.664273254612246,0
"TCGA-K4-AAQO",0.152505445977848,0.608809746221133,0.327975676060432,0.628812170100908,0
"TCGA-KQ-A41N",0.123001249572167,0.474572474996644,0.251243390200753,0.493315425995949,1
"TCGA-KQ-A41O",0.172789969033629,0.506150338592141,0.303902644992886,0.52280052069641,1
"TCGA-KQ-A41P",0.142613444951956,0.524207451879204,0.291813565304129,0.513715191608982,1
"TCGA-KQ-A41Q",0.192461074058906,0.554399100521624,0.324112382129334,0.560459760264667,0
"TCGA-KQ-A41R",0.170107808928659,0.467261934995883,0.281380494832642,0.439046582164593,1
"TCGA-KQ-A41S",0.199900620753491,0.626762329668981,0.359670041195659,0.621750629702484,0
"TCGA-LC-A66R",0.168676623095761,0.608059779664949,0.334782773549692,0.602194787873068,0
"TCGA-LT-A5Z6",0.197173988717899,0.671615262948975,0.394627872143122,0.666113120427174,0
"TCGA-MV-A51V",0.156038958152312,0.590284770389894,0.324759383039457,0.631950704466154,0
"TCGA-PQ-A6FI",0.125530942626831,0.541728074840341,0.274283804439163,0.532624841423451,0
"TCGA-PQ-A6FN",0.171608063577172,0.637594611563085,0.346173493900297,0.628320964211092,0
"TCGA-R3-A69X",0.145303584543945,0.625931564399887,0.318260689815562,0.640617112445064,0
"TCGA-S5-A6DX",0.160215898736235,0.600041601224263,0.320565189043544,0.609267389129563,0
"TCGA-S5-AA26",0.175202585680437,0.488833906851477,0.284863273330194,0.441644122097595,0
"TCGA-SY-A9G0",0.169639556792354,0.640435271728135,0.340064944253708,0.650656404482903,0
"TCGA-SY-A9G5",0.177653685617921,0.62013333481716,0.349984354427715,0.619191557814255,0
"TCGA-UY-A78K",0.179000694452945,0.609624123327138,0.341548584192136,0.633857126122824,0
"TCGA-UY-A78L",0.17336287525484,0.576393187212082,0.327497236630533,0.572860749511529,0
"TCGA-UY-A78M",0.152220802249498,0.53947127174702,0.293150186732724,0.548972497962299,0
"TCGA-UY-A78N",0.200433800550256,0.649333942356797,0.401083560035117,0.624107070632306,0
"TCGA-UY-A78O",0.207314442870473,0.594148165100992,0.360684989903756,0.548449246806858,0
"TCGA-UY-A8OB",0.200449780857309,0.590019118647994,0.360422456962914,0.556676091141412,0
"TCGA-UY-A9PA",0.158822913208292,0.650866665350193,0.33794031729992,0.66356396765771,0
"TCGA-UY-A9PB",0.160973882023234,0.622888145843684,0.338980042664986,0.654134934612977,0
"TCGA-UY-A9PD",0.146665960960531,0.525691704884439,0.272296369834739,0.509702067625779,1
"TCGA-UY-A9PE",0.170749612350371,0.609616440575192,0.338364098745382,0.578371953612984,0
"TCGA-UY-A9PF",0.130368949910452,0.547892567179194,0.278983731278748,0.565215211946833,1
"TCGA-UY-A9PH",0.140815619695983,0.564601279180759,0.286995477773207,0.566234411481547,0
"TCGA-XF-A8HH",0.171222889035173,0.601702308176355,0.336649609881117,0.609381721852123,1
"TCGA-XF-A8HI",0.167699609951498,0.588316623270598,0.321036260323637,0.563660436078557,1
"TCGA-XF-A9SG",0.161188256167737,0.576425830730086,0.315284775572953,0.598461266785475,0
"TCGA-XF-A9SH",0.161441960107618,0.59279391325005,0.316441865429544,0.545577938814636,1
"TCGA-XF-A9SI",0.158396847040028,0.650003326586629,0.336855960693829,0.675793390315371,0
"TCGA-XF-A9SJ",0.179383894442501,0.630542031913651,0.349353053044843,0.639072702204694,1
"TCGA-XF-A9SK",0.159401515317212,0.574411961652419,0.301941703498365,0.570509954247896,0
"TCGA-XF-A9SL",0.152609877185543,0.660578776198535,0.333611317273429,0.693472242609816,0
"TCGA-XF-A9SM",0.144944422643802,0.60756995325186,0.316115431968915,0.639264772290672,0
"TCGA-XF-A9SP",0.14832041698536,0.55615409366724,0.305128110572755,0.575006103674442,0
"TCGA-XF-A9ST",0.240294871065102,0.727551675442911,0.452862674830247,0.73105851381228,0
"TCGA-XF-A9SU",0.154378012935729,0.606654426441715,0.326116205790621,0.620838967255977,0
"TCGA-XF-A9SV",0.197354829537712,0.615528641869634,0.371992050540059,0.567778321876663,0
"TCGA-XF-A9SW",0.175679772362864,0.690982564876299,0.371199909560558,0.717248384914505,0
"TCGA-XF-A9SX",0.203053378719063,0.676967655922603,0.390412446848201,0.671229218316425,0
"TCGA-XF-A9SY",0.154507695362744,0.630692415283816,0.329447571444722,0.641470486112405,0
"TCGA-XF-A9SZ",0.146263319914817,0.602907832962901,0.300879386741107,0.62535971529837,0
"TCGA-XF-A9T0",0.131927603605787,0.568050224414644,0.299100596597971,0.576265201181296,1
"TCGA-XF-A9T2",0.139713777730536,0.485363376055831,0.242930110995908,0.440403145431379,0
"TCGA-XF-A9T3",0.170647470498508,0.598003582081161,0.338787250589025,0.603263273044314,0
"TCGA-XF-A9T4",0.191343640731263,0.639407409910204,0.373778277404053,0.601831168234376,0
"TCGA-XF-A9T5",0.180395332984806,0.659270757028833,0.379578680926919,0.675232696484037,0
"TCGA-XF-A9T6",0.19994672633147,0.601918471726092,0.348681297707882,0.594050451202764,0
"TCGA-XF-A9T8",0.174453810322385,0.584047612350166,0.323442702874787,0.604581122893463,0
"TCGA-XF-AAME",0.140934589457588,0.639365406669977,0.316472815636577,0.654163109837715,0
"TCGA-XF-AAMF",0.188826837554149,0.618951874256848,0.371016985193744,0.581978303779197,0
"TCGA-XF-AAMG",0.141510525388119,0.539572182741996,0.281559443876601,0.550636859792402,1
"TCGA-XF-AAMH",0.154390494216754,0.570237194394082,0.303004990671817,0.613044334098068,0
"TCGA-XF-AAMJ",0.186073118954634,0.652857742485789,0.358814448289076,0.646581997002719,0
"TCGA-XF-AAML",0.17980144172278,0.606974560846885,0.332440355161193,0.629857039604251,0
"TCGA-XF-AAMQ",0.210775770595682,0.6248902900016,0.396040964530988,0.588498542290708,0
"TCGA-XF-AAMR",0.160096064631499,0.657204574785292,0.347584579780053,0.671089928114969,0
"TCGA-XF-AAMT",0.133843670237893,0.563215518700904,0.283446998801324,0.574517452696277,0
"TCGA-XF-AAMW",0.161330282645726,0.589452072485469,0.322185188910148,0.563985103534924,0
"TCGA-XF-AAMX",0.187614574329417,0.490097540278871,0.295787005787821,0.436235716267048,1
"TCGA-XF-AAMY",0.148167100722457,0.597236457417565,0.318395433826924,0.63416101799441,0
"TCGA-XF-AAMZ",0.194481292537916,0.679388511478106,0.396637880737895,0.68013894041584,0
"TCGA-XF-AAN0",0.182273244283231,0.644329025700579,0.355988651712729,0.682564933725311,1
"TCGA-XF-AAN1",0.200642826314718,0.607609069522781,0.362195834296864,0.569881532540824,0
"TCGA-XF-AAN2",0.187447616633587,0.67379765036675,0.379531575647523,0.666181023775942,1
"TCGA-XF-AAN3",0.198004730969241,0.642863997111258,0.3738405267564,0.620421759297579,0
"TCGA-XF-AAN4",0.16313662168117,0.676263331591532,0.35551426235546,0.699145867943906,0
"TCGA-XF-AAN5",0.209854892033955,0.713516029569072,0.428108700706518,0.715482749804027,0
"TCGA-XF-AAN7",0.174929131734146,0.486412904421142,0.277059431095924,0.516131311709663,0
"TCGA-XF-AAN8",0.136666382304772,0.671130164881444,0.321849609971245,0.705754769699012,0
"TCGA-YC-A8S6",0.156263660310616,0.627130067071594,0.326006963219058,0.638803475817252,0
"TCGA-YC-A9TC",0.144626284690339,0.541658616820693,0.286366948456171,0.55731359012389,0
"TCGA-YF-AA3L",0.231203691536863,0.619439243011959,0.397345363950629,0.581159704539859,0
"TCGA-YF-AA3M",0.18277860380537,0.575648365202979,0.325406848834193,0.557001109561307,0
"TCGA-ZF-A9R0",0.180423560388774,0.61045763152172,0.339614598769362,0.58688324455549,1
"TCGA-ZF-A9R1",0.171579838193029,0.599554684160486,0.334474586964651,0.611668302014244,0
"TCGA-ZF-A9R2",0.175160210480545,0.557440230052631,0.344150951986202,0.5358686673317,1
"TCGA-ZF-A9R3",0.180827464512161,0.610126746290588,0.330796209932164,0.570485211576518,1
"TCGA-ZF-A9R4",0.180852915366022,0.580429144424172,0.347299620997258,0.561710103538705,0
"TCGA-ZF-A9R5",0.140462177018422,0.579645663207278,0.290310095916214,0.55850880380952,1
"TCGA-ZF-A9R7",0.201797893893899,0.619222819579407,0.367974992548361,0.583803952330393,0
"TCGA-ZF-A9R9",0.270313469226716,0.650450917164408,0.435573020735984,0.558922267738007,0
"TCGA-ZF-A9RC",0.142699069383553,0.606905611185495,0.308087880364787,0.63055537691798,0
"TCGA-ZF-A9RD",0.190803812069262,0.671437922692142,0.3842654039403,0.665134358712595,1
"TCGA-ZF-A9RE",0.151403219636197,0.514121359785707,0.275426815953799,0.504583853105678,1
"TCGA-ZF-A9RF",0.166580079073403,0.601696954294879,0.330597531975778,0.601264346321795,0
"TCGA-ZF-A9RG",0.173131306285566,0.65927284092511,0.363617231142219,0.662842902527459,1
"TCGA-ZF-A9RL",0.161584471938538,0.55313220888802,0.31325204494778,0.526674277362306,0
"TCGA-ZF-A9RM",0.161676426632281,0.659959915623666,0.351736929789678,0.676203500222638,0
"TCGA-ZF-A9RN",0.165767414374762,0.555260501340786,0.301457042051265,0.559044233450319,0
"TCGA-ZF-AA4N",0.17225675248147,0.614413121509021,0.350846374380315,0.598368935347706,0
"TCGA-ZF-AA4R",0.165416260787859,0.638848148089964,0.338168670964487,0.657280066236303,0
"TCGA-ZF-AA4T",0.138828893230853,0.540945051987941,0.277897035934569,0.575959397647427,0
"TCGA-ZF-AA4U",0.144902163994195,0.510094612263226,0.285108449607063,0.495738610498721,0
"TCGA-ZF-AA4V",0.189339657698892,0.644087193878457,0.360171053836874,0.61188912881862,0
"TCGA-ZF-AA4W",0.143279304310806,0.643508891981802,0.325506936558695,0.665818759016144,0
"TCGA-ZF-AA4X",0.215520725004928,0.655735669093428,0.399411469667728,0.621407442609226,0
"TCGA-ZF-AA51",0.205890717084376,0.656307535717896,0.402593013603492,0.661410928406026,1
"TCGA-ZF-AA52",0.173981444725734,0.605228347488374,0.329494626441016,0.603344540465225,0
"TCGA-ZF-AA53",0.136579304511744,0.588967979883266,0.297087113724438,0.619228656020909,1
"TCGA-ZF-AA54",0.154090396038861,0.611636268340255,0.327045643975472,0.627765030854529,0
"TCGA-ZF-AA56",0.16395346207385,0.600322618416625,0.33138438882032,0.616405640100575,1
"TCGA-ZF-AA58",0.165490146031026,0.680086508153939,0.354045095528056,0.676560464935284,0
"TCGA-ZF-AA5H",0.172030757990519,0.553485458544747,0.319220384944833,0.525405529417962,0
"TCGA-ZF-AA5N",0.212676514431844,0.636593018102071,0.393275640050394,0.583235085382158,0
"TCGA-ZF-AA5P",0.141200518015155,0.612481833672234,0.310311328996047,0.649580946387883,0
